refFile;testFile;HRC;score;Mqs;adaptationAlgo;netcond;ssim;psnr;biqiProcess;brisqueProcess;niqeProcess;viideoProcess;diivineProcess;biqi;brisque;niqe;diivine;viideo;linear;minkowski;power
SP;Sparks_HuangBufferBasedAdaptor_Trace_0;TC00;0.272541649;3.378744247;HuangBufferBasedAdaptor;Trace_0;0.950559914;33.48766033;0;0;0;0;0;43.25286996;52.20518571;5.951614302;0.3923415;0.624997496;-8.26740232;0.54921329;26.92413634
SP;Sparks_HuangBufferBasedAdaptor_Trace_1;TC01;-0.369080465;2.698293029;HuangBufferBasedAdaptor;Trace_1;0.935347665;32.88417494;0;0;0;0;0;39.46751573;53.08006364;6.318725105;0.444856431;0.639684075;-8.243523781;0.571728794;26.92416636
SP;Sparks_HuangBufferBasedAdaptor_Trace_2;TC02;-0.380069661;2.686638798;HuangBufferBasedAdaptor;Trace_2;0.926261335;31.96280111;0;0;0;0;0;37.47880478;54.2129619;6.619929456;0.49298456;0.64344633;-8.221639921;0.592232812;26.92419575
SP;Sparks_HuangBufferBasedAdaptor_Trace_3;TC03;0.154454114;3.253510398;HuangBufferBasedAdaptor;Trace_3;0.942300783;33.00787009;0;0;0;0;0;40.87649991;52.6923381;6.224001579;0.430589762;0.622880151;-8.250010835;0.565627709;26.92415799
SP;Sparks_HuangBufferBasedAdaptor_Trace_4;TC04;-1.227291904;1.788145129;HuangBufferBasedAdaptor;Trace_4;0.917932663;31.35112174;0;0;0;0;0;36.57201385;55.6109;6.626790916;0.552780326;0.713852758;-8.194450786;0.617558675;26.92423466
SP;Sparks_HuangBufferBasedAdaptor_Trace_5;TC05;0.035240527;3.127082351;HuangBufferBasedAdaptor;Trace_5;0.950433626;33.79557501;0;0;0;0;0;41.48803354;52.15496667;5.96826598;0.389294192;0.624628563;-8.268787931;0.547901684;26.92413467
SP;Sparks_HuangBufferBasedAdaptor_Trace_6;TC06;-1.439966359;1.562600234;HuangBufferBasedAdaptor;Trace_6;0.916943286;31.18122087;0;0;0;0;0;36.11518726;55.60414583;6.81397849;0.503647627;0.664255235;-8.216791424;0.596760476;26.92420249
SP;Sparks_OracleVMAFViterbiQualityBasedAdaptor_Trace_0;TC07;0.443338202;3.559876911;OracleVMAFViterbiQualityBasedAdaptor;Trace_0;0.955500648;34.13071246;0;0;0;0;0;44.06230479;51.05096667;5.757281292;0.361735435;0.638040387;-8.281318898;0.536012172;26.92411989
SP;Sparks_OracleVMAFViterbiQualityBasedAdaptor_Trace_1;TC08;-0.217288101;2.859271425;OracleVMAFViterbiQualityBasedAdaptor;Trace_1;0.942981426;33.31960954;0;0;0;0;0;43.33015697;52.16464286;6.046544171;0.41124593;0.647801801;-8.258806476;0.557337101;26.92414689
SP;Sparks_OracleVMAFViterbiQualityBasedAdaptor_Trace_2;TC09;-0.026597977;3.061501561;OracleVMAFViterbiQualityBasedAdaptor;Trace_2;0.934426511;32.29602604;0;0;0;0;0;42.27183447;52.38323333;6.336448313;0.445687566;0.651334915;-8.243145864;0.572083885;26.92416685
SP;Sparks_OracleVMAFViterbiQualityBasedAdaptor_Trace_3;TC10;0.507776943;3.628215297;OracleVMAFViterbiQualityBasedAdaptor;Trace_3;0.951004611;33.91019052;0;0;0;0;0;43.36346672;51.61720952;5.888738815;0.373275489;0.635241546;-8.276071635;0.540997064;26.924126
SP;Sparks_OracleVMAFViterbiQualityBasedAdaptor_Trace_4;TC11;-0.8792451;2.157254713;OracleVMAFViterbiQualityBasedAdaptor;Trace_4;0.930653936;31.67300953;0;0;0;0;0;36.90199285;55.29700769;6.57631318;0.537507519;0.713852758;-8.201395331;0.611104442;26.92422447
SP;Sparks_OracleVMAFViterbiQualityBasedAdaptor_Trace_5;TC12;0.878827827;4.021721101;OracleVMAFViterbiQualityBasedAdaptor;Trace_5;0.966231801;35.72534527;0;0;0;0;0;43.69610908;50.53530476;5.520017351;0.318571712;0.619811406;-8.300945443;0.517280055;26.92409803
SP;Sparks_OracleVMAFViterbiQualityBasedAdaptor_Trace_6;TC13;-1.447605286;1.554499022;OracleVMAFViterbiQualityBasedAdaptor;Trace_6;0.916943286;31.18122087;0;0;0;0;0;36.11518726;55.60414583;6.81397849;0.507565956;0.664255235;-8.21500976;0.598422947;26.92420499
SP;Sparks_SimpleThroughputBasedAdaptor_Trace_0;TC14;0.398232096;3.512041114;SimpleThroughputBasedAdaptor;Trace_0;0.952274698;34.39617441;0;0;0;0;0;42.11701135;50.36408261;5.819877682;0.378336315;0.719074887;-8.273770478;0.54318029;26.92412872
SP;Sparks_SimpleThroughputBasedAdaptor_Trace_1;TC15;0.52190772;3.643201227;SimpleThroughputBasedAdaptor;Trace_1;0.938200574;33.49897306;0;0;0;0;0;43.91317824;51.02060952;6.049958701;0.412883405;0.636369784;-8.258061916;0.558039754;26.92414782
SP;Sparks_SimpleThroughputBasedAdaptor_Trace_2;TC16;-0.213202391;2.86360439;SimpleThroughputBasedAdaptor;Trace_2;0.926782926;32.13483144;0;0;0;0;0;37.88903274;54.09681905;6.601270298;0.492244226;0.646824867;-8.22197655;0.591918262;26.92419528
SP;Sparks_SimpleThroughputBasedAdaptor_Trace_3;TC17;0.427138735;3.542697099;SimpleThroughputBasedAdaptor;Trace_3;0.947106442;34.06178073;0;0;0;0;0;43.06171044;51.16883478;5.930263396;0.393691311;0.707548492;-8.266788561;0.549794079;26.92413709
SP;Sparks_SimpleThroughputBasedAdaptor_Trace_4;TC18;-0.776755815;2.265946352;SimpleThroughputBasedAdaptor;Trace_4;0.919868531;31.53960882;0;0;0;0;0;37.27102337;55.69166923;6.603304694;0.542523139;0.729887911;-8.199114729;0.613225068;26.9242278
SP;Sparks_SimpleThroughputBasedAdaptor_Trace_5;TC19;0.95942131;4.107191868;SimpleThroughputBasedAdaptor;Trace_5;0.96105085;35.76351309;0;0;0;0;0;43.63965277;49.75499524;5.552707826;0.323080281;0.622590331;-8.298895396;0.519243515;26.92410024
SP;Sparks_SimpleThroughputBasedAdaptor_Trace_6;TC20;-1.472989875;1.527578231;SimpleThroughputBasedAdaptor;Trace_6;0.918044295;31.29631409;0;0;0;0;0;37.17333909;55.93415833;6.74445289;0.504841897;0.689690597;-8.216248389;0.597267255;26.92420325
SP;Sparks_VMAFViterbiQualityBasedAdaptor_Trace_0;TC21;0.135975273;3.233913271;VMAFViterbiQualityBasedAdaptor;Trace_0;0.951600199;33.90571171;0;0;0;0;0;41.48748406;51.25586364;5.962585454;0.378966642;0.623533387;-8.273483868;0.543452092;26.92412906
SP;Sparks_VMAFViterbiQualityBasedAdaptor_Trace_1;TC22;0.109301816;3.205625614;VMAFViterbiQualityBasedAdaptor;Trace_1;0.941019699;33.22966924;0;0;0;0;0;42.05629783;52.18998095;6.060906872;0.413156844;0.644278113;-8.257937583;0.558157073;26.92414798
SP;Sparks_VMAFViterbiQualityBasedAdaptor_Trace_2;TC23;-0.254247121;2.820075753;VMAFViterbiQualityBasedAdaptor;Trace_2;0.932044988;32.10459993;0;0;0;0;0;41.06847035;52.83221429;6.390726806;0.46214371;0.652330115;-8.235663255;0.579107069;26.92417671
SP;Sparks_VMAFViterbiQualityBasedAdaptor_Trace_3;TC24;0.478753977;3.597435945;VMAFViterbiQualityBasedAdaptor;Trace_3;0.946193342;33.8561315;0;0;0;0;0;42.09928602;51.46912857;5.969343419;0.398518091;0.621278819;-8.264593824;0.551869984;26.92413976
SP;Sparks_VMAFViterbiQualityBasedAdaptor_Trace_4;TC25;-1.0475402;1.978774883;VMAFViterbiQualityBasedAdaptor;Trace_4;0.926108004;31.45770894;0;0;0;0;0;37.31674878;55.19342308;6.559618887;0.532141889;0.713852758;-8.203835083;0.608834681;26.92422093
SP;Sparks_VMAFViterbiQualityBasedAdaptor_Trace_5;TC26;1.00192638;4.152269221;VMAFViterbiQualityBasedAdaptor;Trace_5;0.965904797;35.53352666;0;0;0;0;0;43.37948883;50.46418571;5.542670556;0.321815812;0.618900679;-8.29947035;0.518693014;26.92409962
SP;Sparks_VMAFViterbiQualityBasedAdaptor_Trace_6;TC27;-1.296093388;1.715179979;VMAFViterbiQualityBasedAdaptor;Trace_6;0.916943286;31.18122087;0;0;0;0;0;36.11518726;55.60414583;6.81397849;0.504594135;0.664255235;-8.216361047;0.597162125;26.9242031
SB;Skateboarding_HuangBufferBasedAdaptor_Trace_0;TC00;-0.384436459;2.682007734;HuangBufferBasedAdaptor;Trace_0;0.956496291;36.29674821;0;0;0;0;0;39.34856323;59.86979;7.890063445;0.641980105;0.428295146;-8.153891646;0.655079834;26.92429739
SB;Skateboarding_HuangBufferBasedAdaptor_Trace_1;TC01;-0.401646455;2.66375624;HuangBufferBasedAdaptor;Trace_1;0.955098856;36.31567556;0;0;0;0;0;40.13335147;62.62281;8.113712749;0.661677691;0.452597562;-8.144935154;0.663329074;26.92431197
SB;Skateboarding_HuangBufferBasedAdaptor_Trace_2;TC02;-0.516837092;2.5415946;HuangBufferBasedAdaptor;Trace_2;0.947718718;35.37160529;0;0;0;0;0;41.45751472;64.275265;8.450151307;0.771615458;0.447549428;-8.094946451;0.709164156;26.92439795
SB;Skateboarding_HuangBufferBasedAdaptor_Trace_3;TC03;-0.312211173;2.758603885;HuangBufferBasedAdaptor;Trace_3;0.953231423;35.82906413;0;0;0;0;0;39.02283333;62.28725;8.142562931;0.729514762;0.44324034;-8.114089638;0.691650495;26.92436411
SB;Skateboarding_HuangBufferBasedAdaptor_Trace_4;TC04;-1.098959145;1.924244213;HuangBufferBasedAdaptor;Trace_4;0.941914302;34.41154299;0;0;0;0;0;40.29871077;64.59102;8.352824168;0.792601176;0.621283385;-8.085404245;0.717877565;26.92441523
SB;Skateboarding_HuangBufferBasedAdaptor_Trace_5;TC05;0.064022761;3.157606402;HuangBufferBasedAdaptor;Trace_5;0.962535131;37.21599781;0;0;0;0;0;38.76536117;59.765625;7.804136455;0.597005186;0.426321537;-8.174341742;0.636196947;26.92426507
SB;Skateboarding_HuangBufferBasedAdaptor_Trace_6;TC06;-1.050945104;1.975163924;HuangBufferBasedAdaptor;Trace_6;0.931904162;33.62632806;0;0;0;0;0;41.51146943;66.67649048;8.809815317;0.89558737;0.453731318;-8.038576423;0.760493981;26.92450385
SB;Skateboarding_OracleVMAFViterbiQualityBasedAdaptor_Trace_0;TC07;0.161710176;3.261205576;OracleVMAFViterbiQualityBasedAdaptor;Trace_0;0.968783757;37.68945059;0;0;0;0;0;40.33942471;57.74269;7.640884562;0.521105792;0.432373861;-8.208853196;0.604162402;26.92421372
SB;Skateboarding_OracleVMAFViterbiQualityBasedAdaptor_Trace_1;TC08;-0.152910196;2.927545294;OracleVMAFViterbiQualityBasedAdaptor;Trace_1;0.964508509;37.03041017;0;0;0;0;0;41.73683026;59.36931;8.007577432;0.581133306;0.433573408;-8.181558686;0.62951626;26.924254
SB;Skateboarding_OracleVMAFViterbiQualityBasedAdaptor_Trace_2;TC09;-0.33499592;2.734440271;OracleVMAFViterbiQualityBasedAdaptor;Trace_2;0.955134171;35.86300589;0;0;0;0;0;40.84917851;62.87335;8.282378473;0.720654395;0.436312497;-8.118118447;0.687958724;26.92435714
SB;Skateboarding_OracleVMAFViterbiQualityBasedAdaptor_Trace_3;TC10;0.11723944;3.2140436;OracleVMAFViterbiQualityBasedAdaptor;Trace_3;0.967920918;37.57876194;0;0;0;0;0;40.60450725;57.58724;7.590359325;0.535737118;0.41667521;-8.202200332;0.610355662;26.9242233
SB;Skateboarding_OracleVMAFViterbiQualityBasedAdaptor_Trace_4;TC11;-0.996526591;2.032875688;OracleVMAFViterbiQualityBasedAdaptor;Trace_4;0.947390599;34.98366428;0;0;0;0;0;39.84935468;64.041892;8.268051451;0.751166071;0.612847467;-8.104244788;0.700662999;26.92438138
SB;Skateboarding_OracleVMAFViterbiQualityBasedAdaptor_Trace_5;TC12;0.530138477;3.651930086;OracleVMAFViterbiQualityBasedAdaptor;Trace_5;0.974269737;39.05430013;0;0;0;0;0;39.38118423;55.476835;7.111100214;0.441880824;0.436225359;-8.244876789;0.570457203;26.9241646
SB;Skateboarding_OracleVMAFViterbiQualityBasedAdaptor_Trace_6;TC13;-0.992601855;2.037037937;OracleVMAFViterbiQualityBasedAdaptor;Trace_6;0.937857039;34.09034155;0;0;0;0;0;41.34446824;66.01021429;8.736210942;0.874808967;0.450178236;-8.048024363;0.751913868;26.92448547
SB;Skateboarding_SimpleThroughputBasedAdaptor_Trace_0;TC14;-0.008998178;3.080166448;SimpleThroughputBasedAdaptor;Trace_0;0.969466505;37.61033811;0;0;0;0;0;40.21538775;58.9176;7.73183671;0.571704974;0.439399621;-8.185845748;0.625543359;26.92424751
SB;Skateboarding_SimpleThroughputBasedAdaptor_Trace_1;TC15;0.045154081;3.137595845;SimpleThroughputBasedAdaptor;Trace_1;0.963165807;36.81181818;0;0;0;0;0;41.06148331;58.864655;7.964716089;0.577739578;0.419863659;-8.183101814;0.628086597;26.92425166
SB;Skateboarding_SimpleThroughputBasedAdaptor_Trace_2;TC16;-0.712911175;2.333654684;SimpleThroughputBasedAdaptor;Trace_2;0.948506583;35.23409689;0;0;0;0;0;40.26016533;63.53566;8.442838638;0.757302491;0.416844758;-8.101454557;0.703215119;26.92438632
SB;Skateboarding_SimpleThroughputBasedAdaptor_Trace_3;TC17;0.117511125;3.214331727;SimpleThroughputBasedAdaptor;Trace_3;0.963391252;36.91007826;0;0;0;0;0;39.74472236;59.48008571;7.762767657;0.560410296;0.491966743;-8.190981438;0.620779583;26.92423981
SB;Skateboarding_SimpleThroughputBasedAdaptor_Trace_4;TC18;-1.197728868;1.819497234;SimpleThroughputBasedAdaptor;Trace_4;0.939473482;34.25905824;0;0;0;0;0;40.42320127;65.333324;8.39071888;0.79871463;0.621283385;-8.082624458;0.720413931;26.92442031
SB;Skateboarding_SimpleThroughputBasedAdaptor_Trace_5;TC19;0.916052204;4.06119819;SimpleThroughputBasedAdaptor;Trace_5;0.975418083;38.90795565;0;0;0;0;0;39.76807466;55.94832;7.159719464;0.450335609;0.439570675;-8.241032399;0.57406902;26.92416961
SB;Skateboarding_SimpleThroughputBasedAdaptor_Trace_6;TC20;-0.967150269;2.064029779;SimpleThroughputBasedAdaptor;Trace_6;0.93325586;33.78743802;0;0;0;0;0;41.1651875;66.51275714;8.703680665;0.8625563;0.440927304;-8.05359565;0.746850198;26.92447474
SB;Skateboarding_VMAFViterbiQualityBasedAdaptor_Trace_0;TC21;-0.121553746;2.960799345;VMAFViterbiQualityBasedAdaptor;Trace_0;0.965636254;37.33393311;0;0;0;0;0;40.08864564;57.37557619;7.430801752;0.524249142;0.422710922;-8.207423915;0.605493709;26.92421577
SB;Skateboarding_VMAFViterbiQualityBasedAdaptor_Trace_1;TC22;-0.231305272;2.844405976;VMAFViterbiQualityBasedAdaptor;Trace_1;0.960267641;36.76284578;0;0;0;0;0;40.72744826;59.98076;8.019098958;0.605160124;0.434993778;-8.170633692;0.63962596;26.92427083
SB;Skateboarding_VMAFViterbiQualityBasedAdaptor_Trace_2;TC23;-0.503379724;2.555866369;VMAFViterbiQualityBasedAdaptor;Trace_2;0.953646975;35.70248875;0;0;0;0;0;40.3231393;63.302405;8.363475645;0.723865637;0.437543873;-8.116658295;0.689296969;26.92435966
SB;Skateboarding_VMAFViterbiQualityBasedAdaptor_Trace_3;TC24;0.138007261;3.236068229;VMAFViterbiQualityBasedAdaptor;Trace_3;0.963051054;36.94118896;0;0;0;0;0;41.21170834;58.55397;7.729750903;0.618536853;0.421330121;-8.164551293;0.645245636;26.92428037
SB;Skateboarding_VMAFViterbiQualityBasedAdaptor_Trace_4;TC25;-1.012505567;2.01592971;VMAFViterbiQualityBasedAdaptor;Trace_4;0.945406554;34.86541815;0;0;0;0;0;39.86017062;64.17296;8.283941714;0.744421455;0.621419539;-8.107311564;0.697856819;26.92437597
SB;Skateboarding_VMAFViterbiQualityBasedAdaptor_Trace_5;TC26;0.636488543;3.764716149;VMAFViterbiQualityBasedAdaptor;Trace_5;0.975095626;38.95582682;0;0;0;0;0;39.02214196;56.495155;7.212503902;0.453023293;0.443566985;-8.239810309;0.575216384;26.92417122
SB;Skateboarding_VMAFViterbiQualityBasedAdaptor_Trace_6;TC27;-1.076905041;1.947632968;VMAFViterbiQualityBasedAdaptor;Trace_6;0.936218356;34.006627;0;0;0;0;0;41.64089649;66.36456667;8.790614387;0.886023465;0.453731318;-8.04292513;0.756545796;26.92449536
EM;ElFuenteMask_HuangBufferBasedAdaptor_Trace_0;TC00;0.053724048;3.146684441;HuangBufferBasedAdaptor;Trace_0;0.936976011;31.04048562;0;0;0;0;0;39.13807695;51.52617059;6.321676746;0.993377849;0.6858029;-7.994111092;0.800764934;26.92459372
EM;ElFuenteMask_HuangBufferBasedAdaptor_Trace_1;TC01;-0.142020543;2.939093957;HuangBufferBasedAdaptor;Trace_1;0.93196372;30.87449787;0;0;0;0;0;37.71872677;52.01121176;6.456038114;0.990798265;0.698526594;-7.995284029;0.799704831;26.92459128
EM;ElFuenteMask_HuangBufferBasedAdaptor_Trace_2;TC02;-0.316579477;2.753971224;HuangBufferBasedAdaptor;Trace_2;0.922476998;29.80681056;0;0;0;0;0;40.8912794;52.90484118;6.590409622;0.98707326;0.696625238;-7.996977789;0.798173808;26.92458776
EM;ElFuenteMask_HuangBufferBasedAdaptor_Trace_3;TC03;0.184566014;3.285444582;HuangBufferBasedAdaptor;Trace_3;0.942532761;30.9402963;0;0;0;0;0;38.54823652;52.38676471;6.382869845;0.988794023;0.667847833;-7.996195358;0.798881092;26.92458939
EM;ElFuenteMask_HuangBufferBasedAdaptor_Trace_4;TC04;-1.105135979;1.917693575;HuangBufferBasedAdaptor;Trace_4;0.898940151;28.44185026;0;0;0;0;0;40.70494472;54.448135;6.988686348;0.954985657;0.743880247;-8.011568022;0.784975433;26.92455779
EM;ElFuenteMask_HuangBufferBasedAdaptor_Trace_5;TC05;0.538278692;3.660562923;HuangBufferBasedAdaptor;Trace_5;0.954985657;32.46302332;0;0;0;0;0;35.99152494;50.10431765;6.01455436;0.891003637;0.677643622;-8.040660646;0.758601945;26.92449978
EM;ElFuenteMask_HuangBufferBasedAdaptor_Trace_6;TC06;-0.696614685;2.35093739;HuangBufferBasedAdaptor;Trace_6;0.891003637;27.79907805;0;0;0;0;0;43.73932011;55.45243529;7.039508333;0.967884134;0.639913841;-8.005703084;0.790283048;26.92456977
EM;ElFuenteMask_OracleVMAFViterbiQualityBasedAdaptor_Trace_0;TC07;0.757295669;3.892834171;OracleVMAFViterbiQualityBasedAdaptor;Trace_0;0.967884134;33.26688248;0;0;0;0;0;35.20646145;49.76234118;5.922118121;0.957487021;0.680170901;-8.010430652;0.786004955;26.92456011
EM;ElFuenteMask_OracleVMAFViterbiQualityBasedAdaptor_Trace_1;TC08;0.17758774;3.278044004;OracleVMAFViterbiQualityBasedAdaptor;Trace_1;0.957487021;32.02127778;0;0;0;0;0;38.28836871;50.49001176;6.163608017;0.235116135;0.699842184;-8.338892693;0.480590024;26.9240606
EM;ElFuenteMask_OracleVMAFViterbiQualityBasedAdaptor_Trace_2;TC09;-0.158123936;2.922016033;OracleVMAFViterbiQualityBasedAdaptor;Trace_2;0.940281476;30.49211965;0;0;0;0;0;41.0169983;52.84462353;6.550482603;0.29129465;0.684861224;-8.313348323;0.505363619;26.92408508
EM;ElFuenteMask_OracleVMAFViterbiQualityBasedAdaptor_Trace_3;TC10;0.44962726;3.566546564;OracleVMAFViterbiQualityBasedAdaptor;Trace_3;0.966487336;32.98039667;0;0;0;0;0;36.80518513;50.08844706;6.02493447;0.219093654;0.695469885;-8.346178116;0.473457513;26.92405419
EM;ElFuenteMask_OracleVMAFViterbiQualityBasedAdaptor_Trace_4;TC11;-0.922617667;2.111257365;OracleVMAFViterbiQualityBasedAdaptor;Trace_4;0.917919666;29.30495391;0;0;0;0;0;40.45664908;54.188855;6.740986714;0.3427801;0.756353385;-8.289937889;0.527803517;26.92411009
EM;ElFuenteMask_OracleVMAFViterbiQualityBasedAdaptor_Trace_5;TC12;1.253590224;4.419163029;OracleVMAFViterbiQualityBasedAdaptor;Trace_5;0.97692087;35.09285435;0;0;0;0;0;33.57144163;48.5843;5.577064046;0.983029264;0.667628794;-7.998816594;0.796511406;26.92458395
EM;ElFuenteMask_OracleVMAFViterbiQualityBasedAdaptor_Trace_6;TC13;-0.801537954;2.23966447;OracleVMAFViterbiQualityBasedAdaptor;Trace_6;0.901156289;28.28892729;0;0;0;0;0;43.71906742;55.61823529;6.998238821;0.978424337;0.649462781;-8.000910454;0.794618075;26.92457963
EM;ElFuenteMask_SimpleThroughputBasedAdaptor_Trace_0;TC14;0.300421682;3.408311499;SimpleThroughputBasedAdaptor;Trace_0;0.961853961;32.97370725;0;0;0;0;0;0;49.92672778;6.076849349;0.983621354;0.724571137;-7.99854737;0.796754819;26.92458451
EM;ElFuenteMask_SimpleThroughputBasedAdaptor_Trace_1;TC15;0.107953066;3.204195242;SimpleThroughputBasedAdaptor;Trace_1;0.952806089;31.84571905;0;0;0;0;0;38.2362278;51.42093529;6.289092729;0.970179299;0.688984726;-8.004659473;0.79122718;26.92457191
EM;ElFuenteMask_SimpleThroughputBasedAdaptor_Trace_2;TC16;-0.283146631;2.789427328;SimpleThroughputBasedAdaptor;Trace_2;0.933464146;30.14954136;0;0;0;0;0;0;53.00876471;6.569648872;0.309577041;0.717664072;-8.305035319;0.513357813;26.92409369
EM;ElFuenteMask_SimpleThroughputBasedAdaptor_Trace_3;TC17;0.295650058;3.40325111;SimpleThroughputBasedAdaptor;Trace_3;0.960557505;32.39910337;0;0;0;0;0;37.74655024;50.96441667;6.125515029;0.241609801;0.717602242;-8.335940023;0.483471533;26.92406327
EM;ElFuenteMask_SimpleThroughputBasedAdaptor_Trace_4;TC18;-0.889138245;2.146762864;SimpleThroughputBasedAdaptor;Trace_4;0.912509173;28.9737318;0;0;0;0;0;41.85181648;55.74916;7.06600466;0.343609944;0.742828902;-8.289560558;0.52816344;26.92411051
EM;ElFuenteMask_SimpleThroughputBasedAdaptor_Trace_5;TC19;1.061079198;4.215001795;SimpleThroughputBasedAdaptor;Trace_5;0.976660607;34.77209403;0;0;0;0;0;34.00581501;0;5.670162825;0.171784801;0.680601645;-8.367689451;0.452181542;26.92403686
EM;ElFuenteMask_SimpleThroughputBasedAdaptor_Trace_6;TC20;-0.96210164;2.069383936;SimpleThroughputBasedAdaptor;Trace_6;0.900634697;28.33089425;0;0;0;0;0;40.94754391;54.71755556;6.894653825;0.353741847;0.690330338;-8.284953582;0.532553731;26.92411572
EM;ElFuenteMask_VMAFViterbiQualityBasedAdaptor_Trace_0;TC21;0.352584612;3.463631177;VMAFViterbiQualityBasedAdaptor;Trace_0;0.959253893;32.77382139;0;0;0;0;0;0;50.08214118;6.031730662;0.207293659;0.673965666;-8.351543573;0.468182676;26.92404964
EM;ElFuenteMask_VMAFViterbiQualityBasedAdaptor_Trace_1;TC22;0.197918649;3.29960528;VMAFViterbiQualityBasedAdaptor;Trace_1;0.947452688;31.55003885;0;0;0;0;0;38.15216883;51.18367059;6.193735459;0.243165118;0.684231258;-8.335232821;0.484160939;26.92406392
EM;ElFuenteMask_VMAFViterbiQualityBasedAdaptor_Trace_2;TC23;-0.149838446;2.930802937;VMAFViterbiQualityBasedAdaptor;Trace_2;0.936608578;30.36985572;0;0;0;0;0;40.36091091;53.08726471;6.5430366;0.301651164;0.686582815;-8.308639216;0.509895824;26.92408992
EM;ElFuenteMask_VMAFViterbiQualityBasedAdaptor_Trace_3;TC24;-0.404526645;2.660701749;VMAFViterbiQualityBasedAdaptor;Trace_3;0.96145031;32.80863053;0;0;0;0;0;39.14749858;49.53713182;5.810470046;0.868310835;0.735112177;-8.050979063;0.749228767;26.92447977
EM;ElFuenteMask_VMAFViterbiQualityBasedAdaptor_Trace_4;TC25;-0.831173357;2.208235618;VMAFViterbiQualityBasedAdaptor;Trace_4;0.915895273;29.29735591;0;0;0;0;0;0;55.32386;6.913573223;0.792722917;0.771316558;-8.08534889;0.717928082;26.92441533
EM;ElFuenteMask_VMAFViterbiQualityBasedAdaptor_Trace_5;TC26;1.203169945;4.365691461;VMAFViterbiQualityBasedAdaptor;Trace_5;0.976162154;34.94402878;0;0;0;0;0;0;48.60506471;5.608279135;0.875828201;0.672402097;-8.047560917;0.752334948;26.92448636
EM;ElFuenteMask_VMAFViterbiQualityBasedAdaptor_Trace_6;TC27;-0.94642212;2.086012335;VMAFViterbiQualityBasedAdaptor;Trace_6;0.897262471;28.19861895;0;0;0;0;0;42.79123191;54.6716;7.003233405;0.866665721;0.689230134;-8.051727097;0.748548849;26.92447833
SO;Soccer_HuangBufferBasedAdaptor_Trace_0;TC00;-0.793003122;2.248715805;HuangBufferBasedAdaptor;Trace_0;0.91885667;27.09928432;0;0;0;0;0;37.00059998;44.224125;5.94349266;0.126607921;0.782710196;-8.388231378;0.431478911;26.92402274
SO;Soccer_HuangBufferBasedAdaptor_Trace_1;TC01;-0.883059194;2.153209801;HuangBufferBasedAdaptor;Trace_1;0.921633168;26.7712686;0;0;0;0;0;39.92080844;45.64334375;6.229348243;0.09780343;0.781977925;-8.40132878;0.418006945;26.92401511
SO;Soccer_HuangBufferBasedAdaptor_Trace_2;TC02;-1.378218102;1.628085316;HuangBufferBasedAdaptor;Trace_2;0.895338373;25.53875298;0;0;0;0;0;41.03724607;48.0696125;6.609385235;0.147344937;0.754715314;-8.378802257;0.441037271;26.92402891
SO;Soccer_HuangBufferBasedAdaptor_Trace_3;TC03;-0.751296867;2.292946001;HuangBufferBasedAdaptor;Trace_3;0.91307067;26.69714042;0;0;0;0;0;39.54380895;46.2606;6.357393553;0.118129397;0.782845636;-8.392086563;0.427539309;26.92402037
SO;Soccer_HuangBufferBasedAdaptor_Trace_4;TC04;-1.666344762;1.322522069;HuangBufferBasedAdaptor;Trace_4;0.843148677;24.26724091;0;0;0;0;0;44.25423756;52.14144211;7.25278108;0.26627567;0.634616036;-8.324724453;0.494372344;26.9240738
SO;Soccer_HuangBufferBasedAdaptor_Trace_5;TC05;0.376239387;3.488717471;HuangBufferBasedAdaptor;Trace_5;0.941226005;28.55255768;0;0;0;0;0;34.44056757;41.87281875;5.336747371;0.108765512;0.708953882;-8.396344322;0.42316425;26.92401787
SO;Soccer_HuangBufferBasedAdaptor_Trace_6;TC06;-1.649061526;1.340851236;HuangBufferBasedAdaptor;Trace_6;0.830629277;23.81772544;0;0;0;0;0;46.18678974;51.338;7.385528209;0.305329357;0.728909613;-8.306966741;0.511503133;26.92409166
SO;Soccer_OracleVMAFViterbiQualityBasedAdaptor_Trace_0;TC07;-0.213943195;2.862818755;OracleVMAFViterbiQualityBasedAdaptor;Trace_0;0.944627158;27.96857791;0;0;0;0;0;34.83949521;41.29324375;5.470768849;0.033221773;0.776036371;-8.43069406;0.386440197;26.92400273
SO;Soccer_OracleVMAFViterbiQualityBasedAdaptor_Trace_1;TC08;-0.752047965;2.292149449;OracleVMAFViterbiQualityBasedAdaptor;Trace_1;0.92730263;27.01177696;0;0;0;0;0;37.76277406;43.3094625;5.873944566;0.045877602;0.773982988;-8.424939454;0.392852446;26.92400456
SO;Soccer_OracleVMAFViterbiQualityBasedAdaptor_Trace_2;TC09;-1.288488253;1.723245355;OracleVMAFViterbiQualityBasedAdaptor;Trace_2;0.904221566;25.87956371;0;0;0;0;0;41.59470762;45.66204375;6.331429313;0.108657024;0.777178283;-8.396393651;0.423113405;26.92401785
SO;Soccer_OracleVMAFViterbiQualityBasedAdaptor_Trace_3;TC10;-0.123479303;2.958757259;OracleVMAFViterbiQualityBasedAdaptor;Trace_3;0.935535682;27.62235708;0;0;0;0;0;35.74880987;41.83365;5.471553917;0.055467976;0.766654155;-8.420578711;0.397616475;26.92400615
SO;Soccer_OracleVMAFViterbiQualityBasedAdaptor_Trace_4;TC11;-1.676493935;1.311758697;OracleVMAFViterbiQualityBasedAdaptor;Trace_4;0.85869963;24.6767789;0;0;0;0;0;45.02868669;51.01090526;7.067410474;0.210212323;0.627193211;-8.350216457;0.469489199;26.92405075
SO;Soccer_OracleVMAFViterbiQualityBasedAdaptor_Trace_5;TC12;0.636429885;3.764653941;OracleVMAFViterbiQualityBasedAdaptor;Trace_5;0.960440811;29.6083527;0;0;0;0;0;32.28229476;38.61783125;4.914474311;0.034958453;0.702251332;-8.429904391;0.387330226;26.92400296
SO;Soccer_OracleVMAFViterbiQualityBasedAdaptor_Trace_6;TC13;-1.666341927;1.322525075;OracleVMAFViterbiQualityBasedAdaptor;Trace_6;0.836265293;24.01911876;0;0;0;0;0;46.02302972;50.72846875;7.260862145;0.270676303;0.72896418;-8.322723485;0.496310185;26.92407574
SO;Soccer_SimpleThroughputBasedAdaptor_Trace_0;TC14;-0.39358364;2.672306993;SimpleThroughputBasedAdaptor;Trace_0;0.933774261;27.58026696;0;0;0;0;0;35.2285646;41.75625294;5.640736629;0.029951731;0.725908231;-8.432180948;0.384754047;26.92400232
SO;Soccer_SimpleThroughputBasedAdaptor_Trace_1;TC15;-0.77101262;2.272037108;SimpleThroughputBasedAdaptor;Trace_1;0.930739821;26.98598106;0;0;0;0;0;38.77021763;42.623075;5.881691671;0.965636254;0.780072384;-8.006725195;0.789358277;26.92456768
SO;Soccer_SimpleThroughputBasedAdaptor_Trace_2;TC16;-1.18623439;1.831687324;SimpleThroughputBasedAdaptor;Trace_2;0.886974722;25.30428954;0;0;0;0;0;42.4580199;47.12248125;6.522776512;0.960267641;0.777530639;-8.009166304;0.787149283;26.92456269
SO;Soccer_SimpleThroughputBasedAdaptor_Trace_3;TC17;-0.673981478;2.374940293;SimpleThroughputBasedAdaptor;Trace_3;0.916679936;26.78696329;0;0;0;0;0;35.83893151;43.08935294;6.127870036;0.953646975;0.806005046;-8.01217672;0.784424406;26.92455655
SO;Soccer_SimpleThroughputBasedAdaptor_Trace_4;TC18;-1.970462509;1;SimpleThroughputBasedAdaptor;Trace_4;0.830629277;23.81772544;0;0;0;0;0;44.75010631;53.08058421;7.430231452;0.963051054;0.634458022;-8.007900686;0.788294622;26.92456527
SO;Soccer_SimpleThroughputBasedAdaptor_Trace_5;TC19;0.460274872;3.577838539;SimpleThroughputBasedAdaptor;Trace_5;0.960025734;29.38336798;0;0;0;0;0;31.04210629;38.9760375;4.931984821;0.03339502;0.707496992;-8.430615284;0.386529147;26.92400275
SO;Soccer_SimpleThroughputBasedAdaptor_Trace_6;TC20;-1.714490999;1.271462161;SimpleThroughputBasedAdaptor;Trace_6;0.830629277;23.81772544;0;0;0;0;0;46.18678974;51.338;7.385528209;0.304768518;0.728909613;-8.307221755;0.511258133;26.92409139
SO;Soccer_VMAFViterbiQualityBasedAdaptor_Trace_0;TC21;-0.654803654;2.395278703;VMAFViterbiQualityBasedAdaptor;Trace_0;0.926842301;27.36858425;0;0;0;0;0;35.89157814;42.52725;5.728694769;0.058844447;0.770774327;-8.41904343;0.399277884;26.92400676
SO;Soccer_VMAFViterbiQualityBasedAdaptor_Trace_1;TC22;-0.726994486;2.318719092;VMAFViterbiQualityBasedAdaptor;Trace_1;0.927545859;27.03283188;0;0;0;0;0;38.83898513;43.009525;5.93634228;0.015759113;0.774264771;-8.438634331;0.377232003;26.92400084
SO;Soccer_VMAFViterbiQualityBasedAdaptor_Trace_2;TC23;-1.104555645;1.918309029;VMAFViterbiQualityBasedAdaptor;Trace_2;0.894550891;25.7126363;0;0;0;0;0;43.79163392;46.2084625;6.362110273;0.942926909;0.774283023;-8.017051134;0.780010657;26.92454668
SO;Soccer_VMAFViterbiQualityBasedAdaptor_Trace_3;TC24;-0.818243478;2.221947976;VMAFViterbiQualityBasedAdaptor;Trace_3;0.91812199;27.09008593;0;0;0;0;0;36.48174723;43.777275;6.024778582;0.954304972;0.781574978;-8.011877529;0.784695254;26.92455716
SO;Soccer_VMAFViterbiQualityBasedAdaptor_Trace_4;TC25;-1.770261559;1.212316529;VMAFViterbiQualityBasedAdaptor;Trace_4;0.846521291;24.3570013;0;0;0;0;0;43.85473216;51.40124211;7.130089137;0.914602773;0.627879013;-8.029930119;0.7683386;26.9245209
SO;Soccer_VMAFViterbiQualityBasedAdaptor_Trace_5;TC26;0.273888097;3.380172178;VMAFViterbiQualityBasedAdaptor;Trace_5;0.959240598;29.51731315;0;0;0;0;0;32.18425385;39.33493125;5.108849835;0.96417069;0.72604327;-8.007391587;0.7887553;26.92456631
SO;Soccer_VMAFViterbiQualityBasedAdaptor_Trace_6;TC27;-1.730112656;1.254895127;VMAFViterbiQualityBasedAdaptor;Trace_6;0.835763246;23.98774317;0;0;0;0;0;46.01751509;51.13758125;7.359501314;0.29839741;0.728507096;-8.310118698;0.508472978;26.92408839
TS;TearsOfSteelStatic_HuangBufferBasedAdaptor_Trace_0;TC00;0.485489767;3.604579366;HuangBufferBasedAdaptor;Trace_0;0.956941113;34.58399354;0;0;0;0;0;36.38418187;57.2896625;5.667785837;0.453646053;0.737913082;-8.23952714;0.575482184;26.92417159
TS;TearsOfSteelStatic_HuangBufferBasedAdaptor_Trace_1;TC01;0.473386575;3.591743724;HuangBufferBasedAdaptor;Trace_1;0.95570892;34.28104134;0;0;0;0;0;36.72516198;57.4970625;5.690803243;0.451872519;0.72555095;-8.240333566;0.574725168;26.92417053
TS;TearsOfSteelStatic_HuangBufferBasedAdaptor_Trace_2;TC02;0.008452663;3.098673364;HuangBufferBasedAdaptor;Trace_2;0.942926909;33.0042478;0;0;0;0;0;37.80565035;59.78503125;6.196450826;0.491831904;0.75676512;-8.222164033;0.591743066;26.92419502
TS;TearsOfSteelStatic_HuangBufferBasedAdaptor_Trace_3;TC03;0.467241179;3.585226426;HuangBufferBasedAdaptor;Trace_3;0.954304972;34.23044236;0;0;0;0;0;35.82780837;57.98253125;5.89904455;0.473099027;0.745507441;-8.230681872;0.583774925;26.92418339
TS;TearsOfSteelStatic_HuangBufferBasedAdaptor_Trace_4;TC04;-0.624448953;2.427470382;HuangBufferBasedAdaptor;Trace_4;0.914602773;31.66152054;0;0;0;0;0;37.41389575;63.4394;6.694830292;0.528859062;0.836626441;-8.205327785;0.607445392;26.92421878
TS;TearsOfSteelStatic_HuangBufferBasedAdaptor_Trace_5;TC05;0.904794805;4.049259525;HuangBufferBasedAdaptor;Trace_5;0.96417069;35.41263383;0;0;0;0;0;35.71233981;55.8934;5.462006921;0.425922559;0.684395022;-8.252133012;0.563629351;26.92415528
TS;TearsOfSteelStatic_HuangBufferBasedAdaptor_Trace_6;TC06;-0.663343714;2.386221823;HuangBufferBasedAdaptor;Trace_6;0.915386956;31.47637983;0;0;0;0;0;37.44686578;63.0182;6.717155822;0.489778089;0.798839423;-8.223097903;0.590870279;26.92419373
TS;TearsOfSteelStatic_OracleVMAFViterbiQualityBasedAdaptor_Trace_0;TC07;0.836498001;3.976829597;OracleVMAFViterbiQualityBasedAdaptor;Trace_0;0.972281851;36.25697381;0;0;0;0;0;35.38709751;53.7869;5.119640096;0.409711106;0.693742941;-8.25950436;0.556678353;26.92414603
TS;TearsOfSteelStatic_OracleVMAFViterbiQualityBasedAdaptor_Trace_1;TC08;0.500973794;3.621000441;OracleVMAFViterbiQualityBasedAdaptor;Trace_1;0.964518128;35.15231688;0;0;0;0;0;35.85764649;56.0955625;5.341432806;0.427434779;0.722324726;-8.251445406;0.564276973;26.92415616
TS;TearsOfSteelStatic_OracleVMAFViterbiQualityBasedAdaptor_Trace_2;TC09;0.076466618;3.170803325;OracleVMAFViterbiQualityBasedAdaptor;Trace_2;0.952012833;33.91281778;0;0;0;0;0;37.05457175;57.92394375;5.827485565;0.472252122;0.748423504;-8.23106696;0.583414287;26.92418287
TS;TearsOfSteelStatic_OracleVMAFViterbiQualityBasedAdaptor_Trace_3;TC10;0.557067232;3.680488491;OracleVMAFViterbiQualityBasedAdaptor;Trace_3;0.964663099;35.78395441;0;0;0;0;0;35.8414478;54.32173125;5.155869178;0.436222635;0.732973449;-8.247449568;0.568037918;26.92416127
TS;TearsOfSteelStatic_OracleVMAFViterbiQualityBasedAdaptor_Trace_4;TC11;-0.422179036;2.641981086;OracleVMAFViterbiQualityBasedAdaptor;Trace_4;0.929992313;32.50011447;0;0;0;0;0;37.39173458;62.00465;6.408113756;0.516639484;0.831776681;-8.210884027;0.602270048;26.92421083
TS;TearsOfSteelStatic_OracleVMAFViterbiQualityBasedAdaptor_Trace_5;TC12;1.122243055;4.279867111;OracleVMAFViterbiQualityBasedAdaptor;Trace_5;0.979794095;37.87739225;0;0;0;0;0;34.1359989;50.40534375;4.867673202;0.39033421;0.669937666;-8.268315035;0.548349389;26.92413524
TS;TearsOfSteelStatic_OracleVMAFViterbiQualityBasedAdaptor_Trace_6;TC13;-0.586053484;2.468189433;OracleVMAFViterbiQualityBasedAdaptor;Trace_6;0.926099546;32.23402922;0;0;0;0;0;37.46491125;61.4237875;6.359622374;0.506534169;0.799230398;-8.215478913;0.597985247;26.92420433
TS;TearsOfSteelStatic_SimpleThroughputBasedAdaptor_Trace_0;TC14;0.517389688;3.638409777;SimpleThroughputBasedAdaptor;Trace_0;0.966892139;35.8974045;0;0;0;0;0;35.88206821;54.03361765;5.242771057;0.915386956;0.782963458;-8.029573551;0.768661956;26.92452161
TS;TearsOfSteelStatic_SimpleThroughputBasedAdaptor_Trace_1;TC15;0.536235414;3.658395992;SimpleThroughputBasedAdaptor;Trace_1;0.963104465;35.07805204;0;0;0;0;0;35.97066083;55.5158875;5.352538102;0.972281851;0.726773852;-8.003703442;0.792091999;26.92457388
TS;TearsOfSteelStatic_SimpleThroughputBasedAdaptor_Trace_2;TC16;0.045568797;3.138035658;SimpleThroughputBasedAdaptor;Trace_2;0.949469934;33.64737321;0;0;0;0;0;36.91725635;59.35189412;5.954210168;0.964518128;0.792822126;-8.007233607;0.78889825;26.92456664
TS;TearsOfSteelStatic_SimpleThroughputBasedAdaptor_Trace_3;TC17;0.465391811;3.58326514;SimpleThroughputBasedAdaptor;Trace_3;0.962907842;35.20801813;0;0;0;0;0;36.56867437;56.51444118;5.43708784;0.952012833;0.780414271;-8.012919765;0.783751719;26.92455504
TS;TearsOfSteelStatic_SimpleThroughputBasedAdaptor_Trace_4;TC18;-0.702281327;2.344927819;SimpleThroughputBasedAdaptor;Trace_4;0.925759549;32.30398946;0;0;0;0;0;36.76577027;60.87424737;6.326429992;0.528913503;0.834700922;-8.20530303;0.607468435;26.92421881
TS;TearsOfSteelStatic_SimpleThroughputBasedAdaptor_Trace_5;TC19;1.159894222;4.319796817;SimpleThroughputBasedAdaptor;Trace_5;0.974918527;36.81181996;0;0;0;0;0;34.61722838;52.75011875;5.013375555;0.403486672;0.6820723;-8.26233461;0.554005363;26.92414253
TS;TearsOfSteelStatic_SimpleThroughputBasedAdaptor_Trace_6;TC20;-0.655097652;2.394966913;SimpleThroughputBasedAdaptor;Trace_6;0.923528811;32.11040992;0;0;0;0;0;36.05363545;60.82568235;6.278961452;0.51190612;0.828275894;-8.213036287;0.600263594;26.92420778
TS;TearsOfSteelStatic_VMAFViterbiQualityBasedAdaptor_Trace_0;TC21;0.811910301;3.950753921;VMAFViterbiQualityBasedAdaptor;Trace_0;0.965105446;36.00766164;0;0;0;0;0;36.41653909;53.57366875;5.268549324;0.439656627;0.746228422;-8.245888132;0.569506406;26.92416329
TS;TearsOfSteelStatic_VMAFViterbiQualityBasedAdaptor_Trace_1;TC22;0.642098572;3.77066568;VMAFViterbiQualityBasedAdaptor;Trace_1;0.964600199;35.05395132;0;0;0;0;0;35.55699539;56.24690625;5.402300137;0.423090608;0.705700667;-8.253420701;0.562416191;26.92415365
TS;TearsOfSteelStatic_VMAFViterbiQualityBasedAdaptor_Trace_2;TC23;0.062525089;3.156018096;VMAFViterbiQualityBasedAdaptor;Trace_2;0.952482023;33.89977766;0;0;0;0;0;36.81584016;58.06299375;5.838017727;0.476530284;0.743837328;-8.22912168;0.585235695;26.9241855
TS;TearsOfSteelStatic_VMAFViterbiQualityBasedAdaptor_Trace_3;TC24;0.161824679;3.261327008;VMAFViterbiQualityBasedAdaptor;Trace_3;0.962263333;35.58105338;0;0;0;0;0;36.41005246;55.45978824;5.292803513;0.418662653;0.790125669;-8.255434092;0.560518407;26.92415111
TS;TearsOfSteelStatic_VMAFViterbiQualityBasedAdaptor_Trace_4;TC25;-0.8670152;2.170224731;VMAFViterbiQualityBasedAdaptor;Trace_4;0.927901005;32.59528002;0;0;0;0;0;36.86605371;61.98519444;6.329106185;0.516588757;0.859629637;-8.210907092;0.60224855;26.92421079
TS;TearsOfSteelStatic_VMAFViterbiQualityBasedAdaptor_Trace_5;TC26;1.151941832;4.311363172;VMAFViterbiQualityBasedAdaptor;Trace_5;0.977901731;37.47140486;0;0;0;0;0;34.87983736;51.5353;4.925188423;0.39551028;0.664026274;-8.265961476;0.550576554;26.92413809
TS;TearsOfSteelStatic_VMAFViterbiQualityBasedAdaptor_Trace_6;TC27;-0.509191175;2.549703226;VMAFViterbiQualityBasedAdaptor;Trace_6;0.923919726;32.1668137;0;0;0;0;0;37.03232365;61.64703125;6.391695373;0.506926239;0.810326926;-8.215300639;0.598151575;26.92420458
AS;AirShow_HuangBufferBasedAdaptor_Trace_0;TC00;0.761879142;3.897695022;HuangBufferBasedAdaptor;Trace_0;0.990476622;42.36375139;0;0;0;0;0;42.24577691;88.12134762;9.794626403;0.628713362;0.723861107;-8.159924034;0.649516804;26.92428771
AS;AirShow_HuangBufferBasedAdaptor_Trace_1;TC01;0.426006321;3.541496155;HuangBufferBasedAdaptor;Trace_1;0.989814045;42.0460409;0;0;0;0;0;42.37496158;89.6117;9.903658831;0.676232514;0.695235877;-8.138317076;0.669416855;26.9243229
AS;AirShow_HuangBufferBasedAdaptor_Trace_2;TC02;0.563499815;3.687310355;HuangBufferBasedAdaptor;Trace_2;0.989015482;41.03456765;0;0;0;0;0;43.48494212;90.44644762;9.829214865;0.715501016;0.708069254;-8.120461688;0.685810531;26.9243531
AS;AirShow_HuangBufferBasedAdaptor_Trace_3;TC03;0.868482508;4.010749714;HuangBufferBasedAdaptor;Trace_3;0.990500053;42.27287077;0;0;0;0;0;42.97654177;89.41402857;9.848931444;0.647209832;0.694828393;-8.151513689;0.657271208;26.92430123
AS;AirShow_HuangBufferBasedAdaptor_Trace_4;TC04;-0.359193655;2.70877816;HuangBufferBasedAdaptor;Trace_4;0.987051758;39.41651877;0;0;0;0;0;40.68254336;92.87713913;10.16933302;0.806516032;0.653752404;-8.07907716;0.723649328;26.92442683
AS;AirShow_HuangBufferBasedAdaptor_Trace_5;TC05;1.384883982;4.558402303;HuangBufferBasedAdaptor;Trace_5;0.991876576;44.07437616;0;0;0;0;0;42.82791925;85.55874762;9.723631643;0.526189656;0.704714591;-8.206541563;0.606315366;26.92421703
AS;AirShow_HuangBufferBasedAdaptor_Trace_6;TC06;-0.078287964;3.006683446;HuangBufferBasedAdaptor;Trace_6;0.98676383;39.28603102;0;0;0;0;0;41.2496289;93.18199524;10.18211792;0.812942374;0.69374567;-8.076155103;0.726313403;26.92443223
AS;AirShow_OracleVMAFViterbiQualityBasedAdaptor_Trace_0;TC07;1.288720115;4.456418879;OracleVMAFViterbiQualityBasedAdaptor;Trace_0;0.992991206;44.05706342;0;0;0;0;0;44.54859279;87.30304286;9.772524908;0.619145761;0.695451811;-8.164274422;0.645501298;26.92428081
AS;AirShow_OracleVMAFViterbiQualityBasedAdaptor_Trace_1;TC08;1.033605816;4.185865804;OracleVMAFViterbiQualityBasedAdaptor;Trace_1;0.99204806;42.83988469;0;0;0;0;0;44.95431091;88.2934381;9.764269775;0.652937712;0.694480146;-8.148909222;0.659670323;26.92430547
AS;AirShow_OracleVMAFViterbiQualityBasedAdaptor_Trace_2;TC09;0.774470406;3.911048273;OracleVMAFViterbiQualityBasedAdaptor;Trace_2;0.990679803;41.94758883;0;0;0;0;0;46.26669891;88.94487619;9.804406372;0.68916677;0.689559608;-8.13243587;0.6748215;26.92433274
AS;AirShow_OracleVMAFViterbiQualityBasedAdaptor_Trace_3;TC10;1.131651133;4.289844539;OracleVMAFViterbiQualityBasedAdaptor;Trace_3;0.992447652;43.54850859;0;0;0;0;0;44.90003546;86.53236667;9.668285077;0.627804223;0.686207482;-8.16033742;0.649135371;26.92428706
AS;AirShow_OracleVMAFViterbiQualityBasedAdaptor_Trace_4;TC11;-0.374008397;2.693066872;OracleVMAFViterbiQualityBasedAdaptor;Trace_4;0.987966264;40.26879169;0;0;0;0;0;42.34082713;91.68247391;9.893086262;0.768840457;0.657415552;-8.096208244;0.708011154;26.92439569
AS;AirShow_OracleVMAFViterbiQualityBasedAdaptor_Trace_5;TC12;1.191179962;4.352975879;OracleVMAFViterbiQualityBasedAdaptor;Trace_5;0.993871113;45.14550528;0;0;0;0;0;43.60167271;84.1196381;9.631401796;0.527136847;0.704741672;-8.206110876;0.60671637;26.92421765
AS;AirShow_OracleVMAFViterbiQualityBasedAdaptor_Trace_6;TC13;-0.225633733;2.85042074;OracleVMAFViterbiQualityBasedAdaptor;Trace_6;0.987351932;39.69008056;0;0;0;0;0;42.44552437;93.41126667;10.19195948;0.778184565;0.70927215;-8.091959478;0.711892839;26.92440333
AS;AirShow_SimpleThroughputBasedAdaptor_Trace_0;TC14;1.183600705;4.344937948;SimpleThroughputBasedAdaptor;Trace_0;0.992396525;43.22062132;0;0;0;0;0;45.52748098;88.40108095;9.732117305;0.645263765;0.683694277;-8.152398566;0.656455864;26.9242998
AS;AirShow_SimpleThroughputBasedAdaptor_Trace_1;TC15;1.129690153;4.287764886;SimpleThroughputBasedAdaptor;Trace_1;0.991717069;42.809733;0;0;0;0;0;46.38025736;87.87879048;9.695888596;0.65538033;0.687461814;-8.147798564;0.660693097;26.92430728
AS;AirShow_SimpleThroughputBasedAdaptor_Trace_2;TC16;0.648757525;3.777727614;SimpleThroughputBasedAdaptor;Trace_2;0.989887898;41.39752587;0;0;0;0;0;45.05603984;92.50277619;10.08827384;0.746058142;0.677695981;-8.106567363;0.69853789;26.92437728
AS;AirShow_SimpleThroughputBasedAdaptor_Trace_3;TC17;1.226733556;4.390681073;SimpleThroughputBasedAdaptor;Trace_3;0.992301737;42.74689705;0;0;0;0;0;46.01758975;88.6094619;9.730517164;0.672220099;0.688225404;-8.140141521;0.667739239;26.92431988
AS;AirShow_SimpleThroughputBasedAdaptor_Trace_4;TC18;-0.456822209;2.605241409;SimpleThroughputBasedAdaptor;Trace_4;0.987696061;40.06953891;0;0;0;0;0;42.54176852;9.668285077;10.01061224;0.810818862;0.600286097;-8.077120663;0.725433194;26.92443044
AS;AirShow_SimpleThroughputBasedAdaptor_Trace_5;TC19;1.609733447;4.796859004;SimpleThroughputBasedAdaptor;Trace_5;0.993280814;44.44114461;0;0;0;0;0;44.48108882;9.893086262;9.728819719;0.594974711;0.697205584;-8.175264999;0.635342801;26.92426365
AS;AirShow_SimpleThroughputBasedAdaptor_Trace_6;TC20;-0.355802413;2.71237463;SimpleThroughputBasedAdaptor;Trace_6;0.987527979;39.70885287;0;0;0;0;0;42.47572019;9.631401796;10.22586646;0.823560042;0.646935413;-8.071327249;0.730712956;26.9244412
AS;AirShow_VMAFViterbiQualityBasedAdaptor_Trace_0;TC21;0.749997339;3.885094167;VMAFViterbiQualityBasedAdaptor;Trace_0;0.992609597;43.37449022;0;0;0;0;0;44.69070029;10.19195948;9.614306524;0.63421216;0.686880325;-8.157423731;0.651823265;26.92429171
AS;AirShow_VMAFViterbiQualityBasedAdaptor_Trace_1;TC22;0.449688591;3.566611607;VMAFViterbiQualityBasedAdaptor;Trace_1;0.991968436;42.84736296;0;0;0;0;0;43.80514442;88.55054286;9.849315917;0.65281058;0.694765026;-8.148967029;0.659617085;26.92430537
AS;AirShow_VMAFViterbiQualityBasedAdaptor_Trace_2;TC23;0.66160112;3.791348466;VMAFViterbiQualityBasedAdaptor;Trace_2;0.990138864;41.65141048;0;0;0;0;0;43.95751778;89.94485238;9.927950938;0.692219784;0.69552625;-8.131047664;0.676096505;26.92433508
AS;AirShow_VMAFViterbiQualityBasedAdaptor_Trace_3;TC24;0.088162677;3.183207196;VMAFViterbiQualityBasedAdaptor;Trace_3;0.992651319;43.70896189;0;0;0;0;0;43.92420102;85.02658462;9.492201772;0.534330048;0.733213102;-8.202840127;0.609760458;26.92422237
AS;AirShow_VMAFViterbiQualityBasedAdaptor_Trace_4;TC25;-0.478385949;2.582372694;VMAFViterbiQualityBasedAdaptor;Trace_4;0.988296151;40.50976117;0;0;0;0;0;42.12909391;91.42629167;9.929069654;0.721847888;0.66922345;-8.117575765;0.68845613;26.92435807
AS;AirShow_VMAFViterbiQualityBasedAdaptor_Trace_5;TC26;1.408502534;4.583450181;VMAFViterbiQualityBasedAdaptor;Trace_5;0.993867765;45.15587506;0;0;0;0;0;43.44808187;83.78340476;9.61906236;0.522982183;0.701858379;-8.208000001;0.604957163;26.92421494
AS;AirShow_VMAFViterbiQualityBasedAdaptor_Trace_6;TC27;-0.190600964;2.88757359;VMAFViterbiQualityBasedAdaptor;Trace_6;0.987290451;39.64273257;0;0;0;0;0;43.02739755;93.77867619;10.15729639;0.793339639;0.692003762;-8.085068466;0.718183987;26.92441584
TR;TearsOfSteelRobot_HuangBufferBasedAdaptor_Trace_0;TC00;-0.375459001;2.691528482;HuangBufferBasedAdaptor;Trace_0;0.910066747;31.44775959;0;0;0;0;0;36.75336107;57.64648824;6.575250142;0.45261179;0.683598606;-8.239997419;0.575040739;26.92417097
TR;TearsOfSteelRobot_HuangBufferBasedAdaptor_Trace_1;TC01;-0.401021025;2.664419519;HuangBufferBasedAdaptor;Trace_1;0.904794665;30.77581332;0;0;0;0;0;36.93316615;58.38131176;6.739304876;0.435289353;0.683372928;-8.247873931;0.567638704;26.92416073
TR;TearsOfSteelRobot_HuangBufferBasedAdaptor_Trace_2;TC02;-0.776622813;2.266087403;HuangBufferBasedAdaptor;Trace_2;0.884299304;29.79455615;0;0;0;0;0;38.51994977;61.32541765;7.229804618;0.475924716;0.681040797;-8.229397032;0.584977932;26.92418513
TR;TearsOfSteelRobot_HuangBufferBasedAdaptor_Trace_3;TC03;-0.343091265;2.725855019;HuangBufferBasedAdaptor;Trace_3;0.896769148;30.52296084;0;0;0;0;0;37.37616016;59.18327059;6.925481805;0.431870541;0.653913718;-8.249428465;0.566175887;26.92415873
TR;TearsOfSteelRobot_HuangBufferBasedAdaptor_Trace_4;TC04;-1.314529331;1.695628346;HuangBufferBasedAdaptor;Trace_4;0.865176312;29.10634653;0;0;0;0;0;37.97471717;60.23526667;7.224328431;0.468592062;0.640889347;-8.232731189;0.581855317;26.92418063
TR;TearsOfSteelRobot_HuangBufferBasedAdaptor_Trace_5;TC05;0.039232376;3.131315775;HuangBufferBasedAdaptor;Trace_5;0.92803587;32.11703832;0;0;0;0;0;36.11114979;56.64035294;6.522883904;0.420547941;0.660378692;-8.254576851;0.561326564;26.92415219
TR;TearsOfSteelRobot_HuangBufferBasedAdaptor_Trace_6;TC06;-1.563608471;1.431475661;HuangBufferBasedAdaptor;Trace_6;0.858035119;28.64386635;0;0;0;0;0;37.40624849;62.28212105;7.342997314;0.500674109;0.697209827;-8.218143483;0.595498408;26.9242006
TR;TearsOfSteelRobot_OracleVMAFViterbiQualityBasedAdaptor_Trace_0;TC07;0.172900323;3.273072918;OracleVMAFViterbiQualityBasedAdaptor;Trace_0;0.936807654;32.73794074;0;0;0;0;0;36.66186187;55.89891765;6.499365444;0.942926909;0.678471644;-8.017051134;0.780010657;26.92454668
TR;TearsOfSteelRobot_OracleVMAFViterbiQualityBasedAdaptor_Trace_1;TC08;-0.235767712;2.839673482;OracleVMAFViterbiQualityBasedAdaptor;Trace_1;0.925096259;31.73387816;0;0;0;0;0;37.77054576;58.16025294;6.789086075;0.954304972;0.689496723;-8.011877529;0.784695254;26.92455716
TR;TearsOfSteelRobot_OracleVMAFViterbiQualityBasedAdaptor_Trace_2;TC09;-0.535968093;2.521305847;OracleVMAFViterbiQualityBasedAdaptor;Trace_2;0.898214076;30.51878149;0;0;0;0;0;38.01957529;60.54031176;7.046503075;0.914602773;0.676317195;-8.029930119;0.7683386;26.9245209
TR;TearsOfSteelRobot_OracleVMAFViterbiQualityBasedAdaptor_Trace_3;TC10;-0.027986195;3.060029332;OracleVMAFViterbiQualityBasedAdaptor;Trace_3;0.929587066;32.57192065;0;0;0;0;0;36.71132491;56.40581176;6.521981389;0.96417069;0.689506086;-8.007391587;0.7887553;26.92456631
TR;TearsOfSteelRobot_OracleVMAFViterbiQualityBasedAdaptor_Trace_4;TC11;-1.265206836;1.747935695;OracleVMAFViterbiQualityBasedAdaptor;Trace_4;0.878122707;29.89679956;0;0;0;0;0;37.84142334;59.1601619;7.022255586;0.462004313;0.641120579;-8.235726639;0.579047635;26.92417662
TR;TearsOfSteelRobot_OracleVMAFViterbiQualityBasedAdaptor_Trace_5;TC12;0.602115179;3.728262609;OracleVMAFViterbiQualityBasedAdaptor;Trace_5;0.953922963;34.13451522;0;0;0;0;0;34.95505324;53.96460588;6.059295675;0.411758401;0.64615717;-8.258573455;0.557557024;26.92414718
TR;TearsOfSteelRobot_OracleVMAFViterbiQualityBasedAdaptor_Trace_6;TC13;-1.639408052;1.35108891;OracleVMAFViterbiQualityBasedAdaptor;Trace_6;0.86198335;28.96757428;0;0;0;0;0;37.55453996;62.15631053;7.201861796;0.509238518;0.697209827;-8.214249246;0.599132374;26.92420606
TR;TearsOfSteelRobot_SimpleThroughputBasedAdaptor_Trace_0;TC14;-0.046981554;3.039884429;SimpleThroughputBasedAdaptor;Trace_0;0.927163123;32.62898815;0;0;0;0;0;36.69178056;56.04802778;6.295118116;0.448271369;0.690057886;-8.241971009;0.573187544;26.92416838
TR;TearsOfSteelRobot_SimpleThroughputBasedAdaptor_Trace_1;TC15;-0.158712763;2.921391572;SimpleThroughputBasedAdaptor;Trace_1;0.918446171;31.50236581;0;0;0;0;0;37.5706603;58.30992353;6.820336145;0.436829142;0.684942779;-8.247173789;0.568297327;26.92416163
TR;TearsOfSteelRobot_SimpleThroughputBasedAdaptor_Trace_2;TC16;-0.778463564;2.264135255;SimpleThroughputBasedAdaptor;Trace_2;0.889452802;30.07659706;0;0;0;0;0;37.7827814;59.75341765;6.909296573;0.466181003;0.701149692;-8.233827498;0.580827983;26.92417916
TR;TearsOfSteelRobot_SimpleThroughputBasedAdaptor_Trace_3;TC17;-0.178764247;2.900126631;SimpleThroughputBasedAdaptor;Trace_3;0.920349937;32.37597618;0;0;0;0;0;37.04304495;58.92032778;6.668814677;0.49267355;0.779159097;-8.221781337;0.592100674;26.92419555
TR;TearsOfSteelRobot_SimpleThroughputBasedAdaptor_Trace_4;TC18;-1.334002258;1.674976975;SimpleThroughputBasedAdaptor;Trace_4;0.869797114;29.3776189;0;0;0;0;0;38.36116416;58.38535238;7.085506004;0.461929837;0.627336748;-8.235760503;0.579015881;26.92417658
TR;TearsOfSteelRobot_SimpleThroughputBasedAdaptor_Trace_5;TC19;1.127450093;4.285389264;SimpleThroughputBasedAdaptor;Trace_5;0.95310388;34.05018909;0;0;0;0;0;35.05385968;54.52211765;6.114927411;0.415246481;0.660852535;-8.256987425;0.559053487;26.92414916
TR;TearsOfSteelRobot_SimpleThroughputBasedAdaptor_Trace_6;TC20;-1.631581585;1.359389012;SimpleThroughputBasedAdaptor;Trace_6;0.86392119;28.94282508;0;0;0;0;0;37.39510584;61.45421053;7.242686992;0.499172056;0.702812673;-8.218826466;0.59486073;26.92419965
TR;TearsOfSteelRobot_VMAFViterbiQualityBasedAdaptor_Trace_0;TC21;0.369494633;3.481564544;VMAFViterbiQualityBasedAdaptor;Trace_0;0.926166347;32.57428771;0;0;0;0;0;36.44100556;56.26742941;6.341100701;0.420887945;0.667035787;-8.254422251;0.56147229;26.92415239
TR;TearsOfSteelRobot_VMAFViterbiQualityBasedAdaptor_Trace_1;TC22;-0.516901917;2.541525852;VMAFViterbiQualityBasedAdaptor;Trace_1;0.919645059;31.45482357;0;0;0;0;0;37.80980002;58.20791176;6.864094356;0.411534913;0.687348481;-8.258675075;0.557461118;26.92414706
TR;TearsOfSteelRobot_VMAFViterbiQualityBasedAdaptor_Trace_2;TC23;-0.817182093;2.223073593;VMAFViterbiQualityBasedAdaptor;Trace_2;0.893860006;30.35670022;0;0;0;0;0;37.89680051;60.50564118;7.100667647;0.455676734;0.677181324;-8.238603789;0.57634876;26.92417281
TR;TearsOfSteelRobot_VMAFViterbiQualityBasedAdaptor_Trace_3;TC24;-0.43311737;2.630380796;VMAFViterbiQualityBasedAdaptor;Trace_3;0.918100537;32.41026161;0;0;0;0;0;36.88524084;58.29535556;6.755190533;0.476471963;0.738627597;-8.229148198;0.585210872;26.92418546
TR;TearsOfSteelRobot_VMAFViterbiQualityBasedAdaptor_Trace_4;TC25;-1.238385611;1.776380063;VMAFViterbiQualityBasedAdaptor;Trace_4;0.87611075;29.81435196;0;0;0;0;0;37.61963828;59.00618095;7.05331562;0.474666144;0.643758259;-8.229969304;0.584442157;26.92418435
TR;TearsOfSteelRobot_VMAFViterbiQualityBasedAdaptor_Trace_5;TC26;0.539727195;3.662099085;VMAFViterbiQualityBasedAdaptor;Trace_5;0.952691727;33.97480695;0;0;0;0;0;34.57766275;54.23235294;6.058618922;0.410186985;0.645878235;-8.259287978;0.556882616;26.9241463
TR;TearsOfSteelRobot_VMAFViterbiQualityBasedAdaptor_Trace_6;TC27;-1.570497363;1.424169874;VMAFViterbiQualityBasedAdaptor;Trace_6;0.862409664;28.94389326;0;0;0;0;0;37.43296643;61.83405789;7.222320251;0.508586085;0.697209827;-8.214545907;0.598855656;26.92420565
ED;ElFuenteDance_HuangBufferBasedAdaptor_Trace_0;TC00;-0.014457336;3.074376918;HuangBufferBasedAdaptor;Trace_0;0.93343845;32.97061877;0;0;0;0;0;40.67805075;59.1163625;7.140243701;0.478252939;0.505391053;-8.228338389;0.585968855;26.92418656
ED;ElFuenteDance_HuangBufferBasedAdaptor_Trace_1;TC01;-0.114761009;2.968003158;HuangBufferBasedAdaptor;Trace_1;0.924133588;32.30352801;0;0;0;0;0;40.93208547;60.3926875;7.448283413;0.501484384;0.493010559;-8.217775051;0.595842358;26.92420112
ED;ElFuenteDance_HuangBufferBasedAdaptor_Trace_2;TC02;-0.776936779;2.265754436;HuangBufferBasedAdaptor;Trace_2;0.900548267;30.50934505;0;0;0;0;0;41.75491226;60.28259412;7.525013732;0.50413455;0.47606121;-8.21657002;0.596967106;26.9242028
ED;ElFuenteDance_HuangBufferBasedAdaptor_Trace_3;TC03;-0.136556607;2.944888554;HuangBufferBasedAdaptor;Trace_3;0.91635912;31.87733861;0;0;0;0;0;41.73622713;59.6415875;7.372675221;0.489876487;0.50522339;-8.223053161;0.590912098;26.92419379
ED;ElFuenteDance_HuangBufferBasedAdaptor_Trace_4;TC04;-1.279508374;1.73276867;HuangBufferBasedAdaptor;Trace_4;0.880874175;29.29634854;0;0;0;0;0;40.45494544;60.99518;7.750597477;0.534448712;0.574807135;-8.202786171;0.609810657;26.92422245
ED;ElFuenteDance_HuangBufferBasedAdaptor_Trace_5;TC05;0.473878707;3.592265638;HuangBufferBasedAdaptor;Trace_5;0.942039155;33.91421586;0;0;0;0;0;40.7898788;59.1468875;7.102785225;0.485142797;0.522682667;-8.22520557;0.58889974;26.92419084
ED;ElFuenteDance_HuangBufferBasedAdaptor_Trace_6;TC06;-1.458601181;1.542837687;HuangBufferBasedAdaptor;Trace_6;0.872257346;28.94858792;0;0;0;0;0;42.17901791;60.84387222;7.780665045;0.540840427;0.49182195;-8.199879858;0.612513725;26.92422668
ED;ElFuenteDance_OracleVMAFViterbiQualityBasedAdaptor_Trace_0;TC07;0.093186226;3.188534755;OracleVMAFViterbiQualityBasedAdaptor;Trace_0;0.951684123;34.0261022;0;0;0;0;0;40.99273705;58.18735;7.02338753;0.470645941;0.507090017;-8.231797291;0.582730231;26.92418189
ED;ElFuenteDance_OracleVMAFViterbiQualityBasedAdaptor_Trace_1;TC08;-0.024699978;3.063514421;OracleVMAFViterbiQualityBasedAdaptor;Trace_1;0.936432765;32.74032487;0;0;0;0;0;41.01368871;59.00248125;7.297909152;0.486249234;0.471318506;-8.224702473;0.589370197;26.92419153
ED;ElFuenteDance_OracleVMAFViterbiQualityBasedAdaptor_Trace_2;TC09;-0.463551032;2.598105378;OracleVMAFViterbiQualityBasedAdaptor;Trace_2;0.915774379;31.25451883;0;0;0;0;0;41.43429653;59.11365882;7.376928229;0.484943769;0.473635751;-8.225296068;0.588815107;26.92419071
ED;ElFuenteDance_OracleVMAFViterbiQualityBasedAdaptor_Trace_3;TC10;0.306022057;3.414250792;OracleVMAFViterbiQualityBasedAdaptor;Trace_3;0.948806777;33.72098917;0;0;0;0;0;40.85291845;58.36504375;7.078422938;0.46283027;0.488827411;-8.235351076;0.579399776;26.92417712
ED;ElFuenteDance_OracleVMAFViterbiQualityBasedAdaptor_Trace_4;TC11;-1.299464795;1.711604544;OracleVMAFViterbiQualityBasedAdaptor;Trace_4;0.899047354;30.12003792;0;0;0;0;0;39.71369715;60.705825;7.676043414;0.524281023;0.579913894;-8.207409419;0.60550721;26.92421579
ED;ElFuenteDance_OracleVMAFViterbiQualityBasedAdaptor_Trace_5;TC12;0.604652027;3.730952979;OracleVMAFViterbiQualityBasedAdaptor;Trace_5;0.962354404;35.63901411;0;0;0;0;0;38.23159553;55.583325;6.593699442;0.420743491;0.534376486;-8.254487935;0.561410377;26.9241523
ED;ElFuenteDance_OracleVMAFViterbiQualityBasedAdaptor_Trace_6;TC13;-1.618815199;1.372927983;OracleVMAFViterbiQualityBasedAdaptor;Trace_6;0.872257346;28.94858792;0;0;0;0;0;42.17901791;60.84387222;7.780665045;0.538850652;0.49182195;-8.200784609;0.611672426;26.92422536
ED;ElFuenteDance_SimpleThroughputBasedAdaptor_Trace_0;TC14;-0.186789762;2.891615435;SimpleThroughputBasedAdaptor;Trace_0;0.952658343;34.01837188;0;0;0;0;0;39.11751675;56.93512778;6.903956649;0.475219914;0.508818077;-8.229717505;0.584677907;26.92418469
ED;ElFuenteDance_SimpleThroughputBasedAdaptor_Trace_1;TC15;-0.375614565;2.691363504;SimpleThroughputBasedAdaptor;Trace_1;0.93606079;32.66864306;0;0;0;0;0;40.63581833;59.2722;7.350983585;0.475103471;0.473221166;-8.229770452;0.584628336;26.92418462
ED;ElFuenteDance_SimpleThroughputBasedAdaptor_Trace_2;TC16;-0.790304838;2.251577381;SimpleThroughputBasedAdaptor;Trace_2;0.90276418;30.57437888;0;0;0;0;0;41.82829744;59.63329412;7.489117618;0.499721621;0.472506302;-8.218576579;0.595094053;26.9242
ED;ElFuenteDance_SimpleThroughputBasedAdaptor_Trace_3;TC17;-0.651021096;2.39929017;SimpleThroughputBasedAdaptor;Trace_3;0.936004453;32.55833301;0;0;0;0;0;40.79801642;57.855;7.125244049;0.457533439;0.535740925;-8.237759545;0.577140906;26.92417393
ED;ElFuenteDance_SimpleThroughputBasedAdaptor_Trace_4;TC18;-1.426151138;1.577251512;SimpleThroughputBasedAdaptor;Trace_4;0.877773025;29.18031775;0;0;0;0;0;40.23101691;60.989425;7.752787444;0.536828046;0.574807135;-8.201704287;0.610817079;26.92422402
ED;ElFuenteDance_SimpleThroughputBasedAdaptor_Trace_5;TC19;0.781177995;3.918161786;SimpleThroughputBasedAdaptor;Trace_5;0.96396881;35.43377261;0;0;0;0;0;38.05211393;55.7479375;6.602404658;0.424699481;0.518843317;-8.252689146;0.563105461;26.92415458
ED;ElFuenteDance_SimpleThroughputBasedAdaptor_Trace_6;TC20;-1.3847622;1.621145188;SimpleThroughputBasedAdaptor;Trace_6;0.872257346;28.94858792;0;0;0;0;0;42.17901791;60.84387222;7.780665045;0.542660932;0.49182195;-8.199052074;0.613283313;26.92422789
ED;ElFuenteDance_VMAFViterbiQualityBasedAdaptor_Trace_0;TC21;-0.142874584;2.938188232;VMAFViterbiQualityBasedAdaptor;Trace_0;0.945027221;33.46694694;0;0;0;0;0;41.00564037;57.76405;7.009900311;0.461196086;0.476166101;-8.23609414;0.57870302;26.92417614
ED;ElFuenteDance_VMAFViterbiQualityBasedAdaptor_Trace_1;TC22;-0.262861284;2.810940285;VMAFViterbiQualityBasedAdaptor;Trace_1;0.933492188;32.70864083;0;0;0;0;0;40.60536609;59.32610625;7.310311588;0.491771087;0.492372376;-8.222191687;0.591717224;26.92419498
ED;ElFuenteDance_VMAFViterbiQualityBasedAdaptor_Trace_2;TC23;-0.899641175;2.135624327;VMAFViterbiQualityBasedAdaptor;Trace_2;0.909948997;31.06237509;0;0;0;0;0;41.97864071;59.76806471;7.480232002;0.504227871;0.479791025;-8.216527587;0.597006706;26.92420286
ED;ElFuenteDance_VMAFViterbiQualityBasedAdaptor_Trace_3;TC24;-0.615940353;2.436493898;VMAFViterbiQualityBasedAdaptor;Trace_3;0.935958506;32.94864414;0;0;0;0;0;0;55.07079;6.805429671;0.407564057;0.497965643;-8.260480623;0.555756599;26.92414482
ED;ElFuenteDance_VMAFViterbiQualityBasedAdaptor_Trace_4;TC25;-1.233042149;1.782046896;VMAFViterbiQualityBasedAdaptor;Trace_4;0.896044905;29.9815287;0;0;0;0;0;39.73804237;60.881105;7.670225113;0.532836348;0.573950551;-8.203519313;0.609128518;26.92422139
ED;ElFuenteDance_VMAFViterbiQualityBasedAdaptor_Trace_5;TC26;0.494556669;3.61419497;VMAFViterbiQualityBasedAdaptor;Trace_5;0.960701863;35.44038509;0;0;0;0;0;38.11233705;55.54945;6.603388936;0.431529246;0.525377318;-8.249583652;0.566029821;26.92415853
ED;ElFuenteDance_VMAFViterbiQualityBasedAdaptor_Trace_6;TC27;-1.55547056;1.440106055;VMAFViterbiQualityBasedAdaptor;Trace_6;0.872257346;28.94858792;0;0;0;0;0;42.17901791;60.84387222;7.780665045;0.540639732;0.49182195;-8.199971114;0.612428876;26.92422655
CF;Chimera1102347_HuangBufferBasedAdaptor_Trace_0;TC00;0.354066568;3.465202817;HuangBufferBasedAdaptor;Trace_0;0.979096924;38.42961602;0;0;0;0;0;39.89728505;54.55109048;6.028289507;0.568892641;0.653002418;-8.187124516;0.624357653;26.92424558
CF;Chimera1102347_HuangBufferBasedAdaptor_Trace_1;TC01;0.126354946;3.22371075;HuangBufferBasedAdaptor;Trace_1;0.974629192;37.44877939;0;0;0;0;0;40.23452046;56.04465238;6.18337095;0.576518939;0.644485409;-8.183656838;0.627572278;26.92425081
CF;Chimera1102347_HuangBufferBasedAdaptor_Trace_2;TC02;-0.038593388;3.048780222;HuangBufferBasedAdaptor;Trace_2;0.973234088;36.5501455;0;0;0;0;0;40.18926522;58.38608095;6.399133977;0.60464264;0.618435049;-8.170868992;0.639408436;26.92427046
CF;Chimera1102347_HuangBufferBasedAdaptor_Trace_3;TC03;0.337260838;3.447380053;HuangBufferBasedAdaptor;Trace_3;0.97824901;37.93791026;0;0;0;0;0;40.50032283;55.45404762;6.243203602;0.590860189;0.652494661;-8.177135872;0.633611519;26.92426077
CF;Chimera1102347_HuangBufferBasedAdaptor_Trace_4;TC04;-0.683062383;2.365309838;HuangBufferBasedAdaptor;Trace_4;0.967957585;35.26639512;0;0;0;0;0;41.5199986;61.033696;6.862890815;0.601349417;0.721948227;-8.17236642;0.638023914;26.92426814
CF;Chimera1102347_HuangBufferBasedAdaptor_Trace_5;TC05;1.12333603;4.28102623;HuangBufferBasedAdaptor;Trace_5;0.983260931;39.91369956;0;0;0;0;0;39.85140528;51.96477143;5.793333476;0.554201117;0.627866235;-8.193804752;0.61815862;26.92423561
CF;Chimera1102347_HuangBufferBasedAdaptor_Trace_6;TC06;-0.621738904;2.430344436;HuangBufferBasedAdaptor;Trace_6;0.967788289;35.05083957;0;0;0;0;0;41.56188898;61.78281905;6.960414184;0.604854361;0.692556772;-8.170772722;0.639497434;26.92427061
CF;Chimera1102347_OracleVMAFViterbiQualityBasedAdaptor_Trace_0;TC07;0.557199489;3.680628752;OracleVMAFViterbiQualityBasedAdaptor;Trace_0;0.986524844;39.63622213;0;0;0;0;0;38.37957011;52.39912381;5.74100302;0.58631448;0.646661481;-8.179202806;0.631698093;26.9242576
CF;Chimera1102347_OracleVMAFViterbiQualityBasedAdaptor_Trace_1;TC08;0.516384059;3.637343291;OracleVMAFViterbiQualityBasedAdaptor;Trace_1;0.98252107;38.56578486;0;0;0;0;0;38.54032357;54.34037619;5.963725155;0.600964963;0.649031341;-8.172541231;0.637862259;26.92426786
CF;Chimera1102347_OracleVMAFViterbiQualityBasedAdaptor_Trace_2;TC09;0.260683579;3.366168561;OracleVMAFViterbiQualityBasedAdaptor;Trace_2;0.979223995;37.59788983;0;0;0;0;0;39.11579936;56.24762381;6.264437448;0.590434323;0.595442522;-8.177329513;0.633432291;26.92426047
CF;Chimera1102347_OracleVMAFViterbiQualityBasedAdaptor_Trace_3;TC10;0.686697762;3.817963884;OracleVMAFViterbiQualityBasedAdaptor;Trace_3;0.98572601;39.43370771;0;0;0;0;0;38.36665356;52.60564286;5.775973984;0.573432996;0.649031341;-8.185060017;0.626271761;26.92424869
CF;Chimera1102347_OracleVMAFViterbiQualityBasedAdaptor_Trace_4;TC11;-0.404883055;2.66032377;OracleVMAFViterbiQualityBasedAdaptor;Trace_4;0.974459303;36.503526;0;0;0;0;0;39.97647904;58.687316;6.519770625;0.603249403;0.712438477;-8.171502496;0.638822744;26.92426948
CF;Chimera1102347_OracleVMAFViterbiQualityBasedAdaptor_Trace_5;TC12;0.806780504;3.945313684;OracleVMAFViterbiQualityBasedAdaptor;Trace_5;0.988063155;40.72864947;0;0;0;0;0;38.50852678;49.65062857;5.555414632;0.545083899;0.614698283;-8.197950351;0.614307372;26.9242295
CF;Chimera1102347_OracleVMAFViterbiQualityBasedAdaptor_Trace_6;TC13;-0.673459264;2.37549411;OracleVMAFViterbiQualityBasedAdaptor;Trace_6;0.969021995;35.4578922;0;0;0;0;0;40.39785837;60.57284286;6.711879695;0.622073526;0.692601727;-8.162943168;0.646730401;26.92428292
CF;Chimera1102347_SimpleThroughputBasedAdaptor_Trace_0;TC14;0.39263704;3.506107462;SimpleThroughputBasedAdaptor;Trace_0;0.986203097;39.31403217;0;0;0;0;0;38.30331261;52.77055909;5.826095025;0.983029264;0.671200917;-7.998816594;0.796511406;26.92458395
CF;Chimera1102347_SimpleThroughputBasedAdaptor_Trace_1;TC15;0.53847073;3.660766583;SimpleThroughputBasedAdaptor;Trace_1;0.983029264;38.36091393;0;0;0;0;0;38.22523401;55.03393333;6.058311208;0.978424337;0.635770675;-8.000910454;0.794618075;26.92457963
CF;Chimera1102347_SimpleThroughputBasedAdaptor_Trace_2;TC16;0.137936054;3.235992713;SimpleThroughputBasedAdaptor;Trace_2;0.978424337;37.19327269;0;0;0;0;0;38.99782022;56.56133333;6.268422654;0.983621354;0.67025243;-7.99854737;0.796754819;26.92458451
CF;Chimera1102347_SimpleThroughputBasedAdaptor_Trace_3;TC17;0.579259804;3.704024093;SimpleThroughputBasedAdaptor;Trace_3;0.983621354;38.48061538;0;0;0;0;0;38.16373157;54.41948571;6.051419666;0.970179299;0.634949417;-8.004659473;0.79122718;26.92457191
CF;Chimera1102347_SimpleThroughputBasedAdaptor_Trace_4;TC18;-0.749384142;2.294974479;SimpleThroughputBasedAdaptor;Trace_4;0.970179299;35.57138296;0;0;0;0;0;39.14518713;59.77572;6.593254404;0.598018012;0.705685647;-8.17388121;0.636622951;26.92426579
CF;Chimera1102347_SimpleThroughputBasedAdaptor_Trace_5;TC19;1.092205976;4.248012276;SimpleThroughputBasedAdaptor;Trace_5;0.988128224;40.29817399;0;0;0;0;0;38.36602286;51.35651905;5.667708914;0.56691597;0.645028259;-8.188023308;0.62352409;26.92424423
CF;Chimera1102347_SimpleThroughputBasedAdaptor_Trace_6;TC20;-0.938246808;2.094682394;SimpleThroughputBasedAdaptor;Trace_6;0.966399607;34.97083801;0;0;0;0;0;40.72206266;60.76695455;6.80136906;0.582657703;0.729232623;-8.180865542;0.630158298;26.92425506
CF;Chimera1102347_VMAFViterbiQualityBasedAdaptor_Trace_0;TC21;0.586749162;3.711966685;VMAFViterbiQualityBasedAdaptor;Trace_0;0.985322817;39.34517442;0;0;0;0;0;38.78980799;53.0823619;5.842175254;0.575530234;0.650698621;-8.184106403;0.627155644;26.92425013
CF;Chimera1102347_VMAFViterbiQualityBasedAdaptor_Trace_1;TC22;0.164945456;3.264636645;VMAFViterbiQualityBasedAdaptor;Trace_1;0.980944591;38.39535661;0;0;0;0;0;38.71393608;54.35475714;5.943962939;0.564601483;0.642528564;-8.189075706;0.622547879;26.92424265
CF;Chimera1102347_VMAFViterbiQualityBasedAdaptor_Trace_2;TC23;-0.090705239;2.993514714;VMAFViterbiQualityBasedAdaptor;Trace_2;0.97835104;37.36224245;0;0;0;0;0;40.31847025;56.99999048;6.375200347;0.612235481;0.596011344;-8.167416527;0.642599143;26.92427586
CF;Chimera1102347_VMAFViterbiQualityBasedAdaptor_Trace_3;TC24;-0.601567592;2.451736457;VMAFViterbiQualityBasedAdaptor;Trace_3;0.983024507;38.96469886;0;0;0;0;0;37.48590053;51.75970769;5.897366479;0.543412699;0.702128883;-8.198710246;0.61360107;26.92422839
CF;Chimera1102347_VMAFViterbiQualityBasedAdaptor_Trace_4;TC25;-0.617598875;2.434735007;VMAFViterbiQualityBasedAdaptor;Trace_4;0.972912669;36.09114807;0;0;0;0;0;40.36398468;59.437092;6.63576624;0.601702471;0.721948227;-8.172205886;0.638172362;26.92426838
CF;Chimera1102347_VMAFViterbiQualityBasedAdaptor_Trace_5;TC26;1.134951834;4.293344989;VMAFViterbiQualityBasedAdaptor;Trace_5;0.9890166;41.18587147;0;0;0;0;0;38.48202889;49.16507619;5.540042319;0.537878173;0.611955261;-8.201226795;0.611261192;26.92422472
CF;Chimera1102347_VMAFViterbiQualityBasedAdaptor_Trace_6;TC27;-0.809874636;2.230823276;VMAFViterbiQualityBasedAdaptor;Trace_6;0.968843356;35.34161586;0;0;0;0;0;40.87070385;60.63660476;0;0.613889035;0.703543005;-8.166664656;0.643293745;26.92427704
MC;MeridianConversation_HuangBufferBasedAdaptor_Trace_0;TC00;0.875498753;4.018190562;HuangBufferBasedAdaptor;Trace_0;0.990062379;41.13861925;0;0;0;0;0;39.70202956;56.600495;5.887500439;0.832082652;0.779732461;-8.067452018;0.734242569;26.92444846
MC;MeridianConversation_HuangBufferBasedAdaptor_Trace_1;TC01;0.634952203;3.763086834;HuangBufferBasedAdaptor;Trace_1;0.988581735;40.60680349;0;0;0;0;0;40.230494;59.44958;6.116844189;0.897622717;0.760745087;-8.037650951;0.761333981;26.92450567
MC;MeridianConversation_HuangBufferBasedAdaptor_Trace_2;TC02;0.503260273;3.623425291;HuangBufferBasedAdaptor;Trace_2;0.987035119;40.11291923;0;0;0;0;0;40.34827447;61.458535;6.315042309;0.917895028;0.749057837;-8.028433131;0.769696077;26.92452387
MC;MeridianConversation_HuangBufferBasedAdaptor_Trace_3;TC03;1.029832697;4.181864347;HuangBufferBasedAdaptor;Trace_3;0.988911263;40.74717273;0;0;0;0;0;40.08333753;58.52693;6.056977703;0.86638506;0.732987237;-8.051854713;0.748432847;26.92447808
MC;MeridianConversation_HuangBufferBasedAdaptor_Trace_4;TC04;-0.225138093;2.850946374;HuangBufferBasedAdaptor;Trace_4;0.985031188;39.48274783;0;0;0;0;0;38.75793065;63.84876667;6.59136592;1;0.761964088;-7.9911;0.803485851;26.9246
MC;MeridianConversation_HuangBufferBasedAdaptor_Trace_5;TC05;1.272356871;4.439065379;HuangBufferBasedAdaptor;Trace_5;0.99139767;41.57762429;0;0;0;0;0;39.1205587;54.0628;5.70163554;0.808899762;0.743323834;-8.077993278;0.724637627;26.92442883
MC;MeridianConversation_HuangBufferBasedAdaptor_Trace_6;TC06;-0.064681722;3.021113098;HuangBufferBasedAdaptor;Trace_6;0.982760735;38.89774789;0;0;0;0;0;40.66291858;63.92437;6.714895232;0.989146269;0.770199594;-7.996035191;0.799025869;26.92458972
MC;MeridianConversation_OracleVMAFViterbiQualityBasedAdaptor_Trace_0;TC07;1.512387942;4.693622432;OracleVMAFViterbiQualityBasedAdaptor;Trace_0;0.992992148;41.98694011;0;0;0;0;0;40.26332745;55.5564;5.627588169;0.758080689;0.748796098;-8.101100711;0.703538701;26.92438695
MC;MeridianConversation_OracleVMAFViterbiQualityBasedAdaptor_Trace_1;TC08;1.287298709;4.454911453;OracleVMAFViterbiQualityBasedAdaptor;Trace_1;0.991492976;41.45335513;0;0;0;0;0;40.31014389;57.5509;5.803408215;0.812975617;0.754071594;-8.076139987;0.726327182;26.92443226
MC;MeridianConversation_OracleVMAFViterbiQualityBasedAdaptor_Trace_2;TC09;0.786380175;3.923678786;OracleVMAFViterbiQualityBasedAdaptor;Trace_2;0.989697175;40.82510901;0;0;0;0;0;40.36858397;60.011435;6.092078255;0.844292638;0.749861074;-8.061900138;0.739296511;26.92445892
MC;MeridianConversation_OracleVMAFViterbiQualityBasedAdaptor_Trace_3;TC10;1.401721079;4.576258333;OracleVMAFViterbiQualityBasedAdaptor;Trace_3;0.992411511;41.76656809;0;0;0;0;0;40.50881792;56.13333;5.682260774;0.757407593;0.757642745;-8.101406767;0.703258822;26.92438641
MC;MeridianConversation_OracleVMAFViterbiQualityBasedAdaptor_Trace_4;TC11;-0.20377392;2.873603445;OracleVMAFViterbiQualityBasedAdaptor;Trace_4;0.986958444;40.04068394;0;0;0;0;0;38.73521143;63.17949167;6.393260527;0.964804721;0.768854187;-8.007103293;0.789016164;26.9245669
MC;MeridianConversation_OracleVMAFViterbiQualityBasedAdaptor_Trace_5;TC12;1.639954587;4.82890904;OracleVMAFViterbiQualityBasedAdaptor;Trace_5;0.99365523;42.36766112;0;0;0;0;0;38.91338272;49.910215;5.434316139;0.721012645;0.738869092;-8.11795555;0.688108034;26.92435742
MC;MeridianConversation_OracleVMAFViterbiQualityBasedAdaptor_Trace_6;TC13;-0.002474448;3.087084976;OracleVMAFViterbiQualityBasedAdaptor;Trace_6;0.983449627;39.06821473;0;0;0;0;0;40.97740134;63.74888;6.612239202;0.970952836;0.770199594;-8.004307745;0.791545359;26.92457263
MC;MeridianConversation_SimpleThroughputBasedAdaptor_Trace_0;TC14;1.221013208;4.384614547;SimpleThroughputBasedAdaptor;Trace_0;0.993377849;42.06688235;0;0;0;0;0;39.50694641;55.48828095;5.537703503;0.755695571;0.736285977;-8.102185224;0.702546898;26.92438503
MC;MeridianConversation_SimpleThroughputBasedAdaptor_Trace_1;TC15;1.036782527;4.189234761;SimpleThroughputBasedAdaptor;Trace_1;0.990798265;41.20954616;0;0;0;0;0;40.63931186;58.69289;5.833145643;0.816874919;0.753269863;-8.074366974;0.727943196;26.92443554
MC;MeridianConversation_SimpleThroughputBasedAdaptor_Trace_2;TC16;0.431290475;3.54710009;SimpleThroughputBasedAdaptor;Trace_2;0.98707326;40.0563017;0;0;0;0;0;40.50633886;62.49290952;6.195353996;0.902396499;0.761448376;-8.035480312;0.763303831;26.92450993
MC;MeridianConversation_SimpleThroughputBasedAdaptor_Trace_3;TC17;0.993635042;4.143476115;SimpleThroughputBasedAdaptor;Trace_3;0.988794023;40.71721269;0;0;0;0;0;41.01913005;59.33613;5.889811916;0.836927907;0.766741379;-8.065248881;0.7362485;26.9244526
MC;MeridianConversation_SimpleThroughputBasedAdaptor_Trace_4;TC18;-0.424911166;2.639083616;SimpleThroughputBasedAdaptor;Trace_4;0.98417239;39.28379267;0;0;0;0;0;38.36935951;64.9156;6.616231524;0.976853715;0.728342846;-8.001624616;0.793972224;26.92457815
MC;MeridianConversation_SimpleThroughputBasedAdaptor_Trace_5;TC19;1.801282454;5;SimpleThroughputBasedAdaptor;Trace_5;0.993803299;42.36525201;0;0;0;0;0;39.72633263;53.459785;5.37942515;0.741164018;0.740043225;-8.108792721;0.6965011;26.92437337
MC;MeridianConversation_SimpleThroughputBasedAdaptor_Trace_6;TC20;-0.397269436;2.668398143;SimpleThroughputBasedAdaptor;Trace_6;0.982839307;38.928129;0;0;0;0;0;39.86720502;64.7503381;6.62710917;0.982040103;0.76033628;-7.999266365;0.79610474;26.92458302
MC;MeridianConversation_VMAFViterbiQualityBasedAdaptor_Trace_0;TC21;1.24391934;4.408906891;VMAFViterbiQualityBasedAdaptor;Trace_0;0.992480897;41.76453056;0;0;0;0;0;40.37213692;56.95102381;5.756775072;0.763791692;0.759683865;-8.098503918;0.705912922;26.92439158
MC;MeridianConversation_VMAFViterbiQualityBasedAdaptor_Trace_1;TC22;0.624047433;3.751522139;VMAFViterbiQualityBasedAdaptor;Trace_1;0.991130809;41.35299429;0;0;0;0;0;40.2157561;58.2003619;5.883146961;0.813078159;0.755720401;-8.076093361;0.726369683;26.92443234
MC;MeridianConversation_VMAFViterbiQualityBasedAdaptor_Trace_2;TC23;0.80367854;3.942023998;VMAFViterbiQualityBasedAdaptor;Trace_2;0.989019006;40.68573957;0;0;0;0;0;40.02310853;59.698015;6.092201704;0.879301518;0.7659532;-8.0459816;0.753769734;26.92448942
MC;MeridianConversation_VMAFViterbiQualityBasedAdaptor_Trace_3;TC24;1.283672253;4.451065535;VMAFViterbiQualityBasedAdaptor;Trace_3;0.99172094;41.56131081;0;0;0;0;0;40.53239934;56.442915;5.710078966;0.783720936;0.747597839;-8.08944209;0.714191728;26.92440788
MC;MeridianConversation_VMAFViterbiQualityBasedAdaptor_Trace_4;TC25;-0.293927765;2.777993751;VMAFViterbiQualityBasedAdaptor;Trace_4;0.985880245;39.77894036;0;0;0;0;0;38.88871291;63.79694167;6.436736366;0.976046712;0.761504201;-8.00199156;0.793640363;26.9245774
MC;MeridianConversation_VMAFViterbiQualityBasedAdaptor_Trace_5;TC26;1.25563089;4.42132719;VMAFViterbiQualityBasedAdaptor;Trace_5;0.992828877;42.11368633;0;0;0;0;0;39.25597521;50.829485;5.491963659;0.752148081;0.729453521;-8.103798268;0.701071479;26.92438217
MC;MeridianConversation_VMAFViterbiQualityBasedAdaptor_Trace_6;TC27;-0.229013373;2.846836574;VMAFViterbiQualityBasedAdaptor;Trace_6;0.983171325;39.00795134;0;0;0;0;0;40.88716179;63.81338;6.653325314;0.971147832;0.770199594;-8.004219081;0.791625565;26.92457282
MD;MeridianDriving_HuangBufferBasedAdaptor_Trace_0;TC00;0.580403631;3.705237141;HuangBufferBasedAdaptor;Trace_0;0.958166636;36.76478591;0;0;0;0;0;43.50445748;49.65040476;6.184777927;0.35693535;0.587418787;-8.283501496;0.533935956;26.92411738
MD;MeridianDriving_HuangBufferBasedAdaptor_Trace_1;TC01;0.31254645;3.421170022;HuangBufferBasedAdaptor;Trace_1;0.955976404;36.26738493;0;0;0;0;0;40.29555365;51.29464286;6.429719523;0.387033263;0.586284378;-8.269815975;0.546928163;26.92413343
MD;MeridianDriving_HuangBufferBasedAdaptor_Trace_2;TC02;-0.255992345;2.818224913;HuangBufferBasedAdaptor;Trace_2;0.947383111;34.87086373;0;0;0;0;0;43.93146828;54.37822381;6.792473147;0.424176892;0.617318783;-8.252926767;0.56288159;26.92415428
MD;MeridianDriving_HuangBufferBasedAdaptor_Trace_3;TC03;0.325681059;3.4350995;HuangBufferBasedAdaptor;Trace_3;0.955295289;36.33552863;0;0;0;0;0;45.42528045;51.28840476;6.359107854;0.360849641;0.568416019;-8.281721668;0.535629156;26.92411942
MD;MeridianDriving_HuangBufferBasedAdaptor_Trace_4;TC04;-0.37151151;2.695714864;HuangBufferBasedAdaptor;Trace_4;0.944493007;34.36776845;0;0;0;0;0;42.35263682;57.03189583;7.212503746;0.400601184;0.688787998;-8.263646642;0.552765433;26.92414092
MD;MeridianDriving_HuangBufferBasedAdaptor_Trace_5;TC05;0.888321386;4.031789183;HuangBufferBasedAdaptor;Trace_5;0.96290574;37.86379143;0;0;0;0;0;43.62859314;47.01658571;5.84901218;0.336055172;0.544264954;-8.292995713;0.524884816;26.92410669
MD;MeridianDriving_HuangBufferBasedAdaptor_Trace_6;TC06;-0.1827671;2.895881537;HuangBufferBasedAdaptor;Trace_6;0.943275637;33.99923556;0;0;0;0;0;42.68216878;55.92125238;7.063077734;0.450787058;0.630910667;-8.240827125;0.574261768;26.92416988
MD;MeridianDriving_OracleVMAFViterbiQualityBasedAdaptor_Trace_0;TC07;1.1506923;4.310038022;OracleVMAFViterbiQualityBasedAdaptor;Trace_0;0.971827991;37.65037604;0;0;0;0;0;36.38517087;45.70112381;5.841066565;0.330651291;0.587094058;-8.295452858;0.522536917;26.92410399
MD;MeridianDriving_OracleVMAFViterbiQualityBasedAdaptor_Trace_1;TC08;0.780402611;3.917339478;OracleVMAFViterbiQualityBasedAdaptor;Trace_1;0.966899111;37.02356767;0;0;0;0;0;36.71896849;47.6889;6.118876237;0.350040717;0.592609956;-8.286636486;0.530950863;26.92411381
MD;MeridianDriving_OracleVMAFViterbiQualityBasedAdaptor_Trace_2;TC09;0.302959015;3.411002384;OracleVMAFViterbiQualityBasedAdaptor;Trace_2;0.95861873;36.02522411;0;0;0;0;0;37.74232732;49.95724286;6.429556815;0.966899111;0.620371427;-8.006150974;0.789877823;26.92456885
MD;MeridianDriving_OracleVMAFViterbiQualityBasedAdaptor_Trace_3;TC10;0.798510752;3.936543471;OracleVMAFViterbiQualityBasedAdaptor;Trace_3;0.970140396;37.3454991;0;0;0;0;0;37.3539509;46.04461905;5.898869771;0.95861873;0.601079745;-8.009916063;0.786470712;26.92456116
MD;MeridianDriving_OracleVMAFViterbiQualityBasedAdaptor_Trace_4;TC11;-0.473579687;2.587469817;OracleVMAFViterbiQualityBasedAdaptor;Trace_4;0.950705852;35.12398311;0;0;0;0;0;35.55149047;54.41045;6.935413547;0.970140396;0.705304107;-8.004677162;0.791211178;26.92457188
MD;MeridianDriving_OracleVMAFViterbiQualityBasedAdaptor_Trace_5;TC12;1.232652343;4.396958048;OracleVMAFViterbiQualityBasedAdaptor;Trace_5;0.973805693;38.32422495;0;0;0;0;0;40.13462841;43.51217143;5.451779484;0.950705852;0.569133634;-8.013514049;0.783213672;26.92455384
MD;MeridianDriving_OracleVMAFViterbiQualityBasedAdaptor_Trace_6;TC13;-0.124692784;2.957470341;OracleVMAFViterbiQualityBasedAdaptor;Trace_6;0.945702589;34.28514863;0;0;0;0;0;40.16290352;54.98647619;6.961084744;0.973805693;0.626955323;-8.003010551;0.792718735;26.9245753
MD;MeridianDriving_SimpleThroughputBasedAdaptor_Trace_0;TC14;0.534229969;3.656269183;SimpleThroughputBasedAdaptor;Trace_0;0.972412965;37.35605864;0;0;0;0;0;36.68578562;46.73543182;5.860803718;0.316288938;0.633302378;-8.30198342;0.516285272;26.92409692
MD;MeridianDriving_SimpleThroughputBasedAdaptor_Trace_1;TC15;0.897150335;4.041152434;SimpleThroughputBasedAdaptor;Trace_1;0.967272474;36.91336674;0;0;0;0;0;36.02136569;48.11874286;6.13949992;0.350512537;0.586096372;-8.286421949;0.531155252;26.92411405
MD;MeridianDriving_SimpleThroughputBasedAdaptor_Trace_2;TC16;0.319468639;3.428511122;SimpleThroughputBasedAdaptor;Trace_2;0.958398214;35.61477244;0;0;0;0;0;39.14112524;51.43285714;6.574980185;0.389258607;0.610311982;-8.268804111;0.547886364;26.92413465
MD;MeridianDriving_SimpleThroughputBasedAdaptor_Trace_3;TC17;0.560698028;3.684339012;SimpleThroughputBasedAdaptor;Trace_3;0.969676899;36.92711469;0;0;0;0;0;34.73963709;47.82935;5.982131191;0.346773005;0.695481308;-8.288122315;0.529534857;26.92411213
MD;MeridianDriving_SimpleThroughputBasedAdaptor_Trace_4;TC18;-0.631737714;2.419740527;SimpleThroughputBasedAdaptor;Trace_4;0.948081989;34.50144121;0;0;0;0;0;37.28345585;55.674832;7.094719823;0.387859384;0.735401162;-8.269440338;0.547283916;26.92413389
MD;MeridianDriving_SimpleThroughputBasedAdaptor_Trace_5;TC19;1.126650255;4.284541022;SimpleThroughputBasedAdaptor;Trace_5;0.975837221;38.26605411;0;0;0;0;0;39.53995477;44.71055238;5.566137485;0.289150329;0.567835857;-8.314323345;0.504423981;26.92408409
MD;MeridianDriving_SimpleThroughputBasedAdaptor_Trace_6;TC20;-0.415241168;2.649338814;SimpleThroughputBasedAdaptor;Trace_6;0.94575273;33.96448338;0;0;0;0;0;45.98012928;57.5498619;7.262310777;0.451119763;0.63078272;-8.240675844;0.574403812;26.92417008
MD;MeridianDriving_VMAFViterbiQualityBasedAdaptor_Trace_0;TC21;0.922537068;4.068075499;VMAFViterbiQualityBasedAdaptor;Trace_0;0.970013174;37.38908331;0;0;0;0;0;36.751967;46.12610476;5.891904321;0.333702189;0.623186039;-8.294065615;0.523862765;26.92410551
MD;MeridianDriving_VMAFViterbiQualityBasedAdaptor_Trace_1;TC22;0.700862827;3.832986177;VMAFViterbiQualityBasedAdaptor;Trace_1;0.965012269;36.84631771;0;0;0;0;0;38.08241059;48.39684762;6.129242335;0.357313594;0.576382964;-8.283329509;0.534099621;26.92411758
MD;MeridianDriving_VMAFViterbiQualityBasedAdaptor_Trace_2;TC23;0.343213416;3.453692864;VMAFViterbiQualityBasedAdaptor;Trace_2;0.954949591;35.91328708;0;0;0;0;0;37.4048701;50.68900952;6.500534667;0.395989392;0.606439813;-8.265743623;0.550782621;26.92413836
MD;MeridianDriving_VMAFViterbiQualityBasedAdaptor_Trace_3;TC24;0.542870209;3.665432305;VMAFViterbiQualityBasedAdaptor;Trace_3;0.96695018;36.81939068;0;0;0;0;0;37.59844168;47.04550476;5.92422071;0.333242171;0.622543895;-8.294274785;0.5236629;26.92410528
MD;MeridianDriving_VMAFViterbiQualityBasedAdaptor_Trace_4;TC25;-0.66027831;2.389472737;VMAFViterbiQualityBasedAdaptor;Trace_4;0.949566872;34.95332968;0;0;0;0;0;39.02094494;55.36554583;7.051660529;0.395409469;0.689814178;-8.266007314;0.550533193;26.92413804
MD;MeridianDriving_VMAFViterbiQualityBasedAdaptor_Trace_5;TC26;1.154791674;4.314385478;VMAFViterbiQualityBasedAdaptor;Trace_5;0.974334444;38.49435643;0;0;0;0;0;40.80053223;43.93277619;5.465898955;0.296904905;0.569156005;-8.31079734;0.507819993;26.92408769
MD;MeridianDriving_VMAFViterbiQualityBasedAdaptor_Trace_6;TC27;-0.29576457;2.776045788;VMAFViterbiQualityBasedAdaptor;Trace_6;0.945874651;34.29964401;0;0;0;0;0;40.48050697;55.87899524;7.075305264;0.443529829;0.640033005;-8.244126987;0.571161945;26.92416557
CD;Chimera1102353_HuangBufferBasedAdaptor_Trace_0;TC00;0.521242593;3.642495849;HuangBufferBasedAdaptor;Trace_0;0.989116319;42.76476278;0;0;0;0;0;37.64917097;90.60920476;7.983848167;0.620893587;0.654158236;-8.163479686;0.646235086;26.92428207
CD;Chimera1102353_HuangBufferBasedAdaptor_Trace_1;TC01;-0.331234737;2.73842907;HuangBufferBasedAdaptor;Trace_1;0.987774237;42.21977207;0;0;0;0;0;37.5208842;91.41912273;8.061123804;0.72524445;0.685376745;-8.116031349;0.689871486;26.92436075
CD;Chimera1102353_HuangBufferBasedAdaptor_Trace_2;TC02;-0.519288873;2.538994444;HuangBufferBasedAdaptor;Trace_2;0.986896637;41.88589644;0;0;0;0;0;39.54693389;92.70880385;8.091581579;0.739933861;0.737784226;-8.109352073;0.695989047;26.92437238
CD;Chimera1102353_HuangBufferBasedAdaptor_Trace_3;TC03;-0.027773217;3.060255199;HuangBufferBasedAdaptor;Trace_3;0.989215837;42.82879885;0;0;0;0;0;38.43169615;9.668285077;7.771214125;0.577228795;0.760604073;-8.183334067;0.627871384;26.9242513
CD;Chimera1102353_HuangBufferBasedAdaptor_Trace_4;TC04;-0.93008451;2.10333865;HuangBufferBasedAdaptor;Trace_4;0.986596619;41.50508234;0;0;0;0;0;40.90137527;9.893086262;8.727448926;0.810958551;0.632006848;-8.077057147;0.7254911;26.92443056
CD;Chimera1102353_HuangBufferBasedAdaptor_Trace_5;TC05;0.577081895;3.701714383;HuangBufferBasedAdaptor;Trace_5;0.990044075;43.17727781;0;0;0;0;0;38.29644511;9.631401796;7.701070296;0.559622881;0.639962887;-8.191339476;0.62044729;26.92423927
CD;Chimera1102353_HuangBufferBasedAdaptor_Trace_6;TC06;-0.841477927;2.197307446;HuangBufferBasedAdaptor;Trace_6;0.985430196;41.21995227;0;0;0;0;0;39.03910251;10.19195948;8.530931862;0.86721832;0.682121457;-8.05147583;0.748777242;26.92447881
CD;Chimera1102353_OracleVMAFViterbiQualityBasedAdaptor_Trace_0;TC07;0.761817181;3.897629311;OracleVMAFViterbiQualityBasedAdaptor;Trace_0;0.992382242;43.81498166;0;0;0;0;0;40.13737189;89.28250476;7.391761664;0.606193299;0.63882035;-8.170163907;0.640060226;26.92427156
CD;Chimera1102353_OracleVMAFViterbiQualityBasedAdaptor_Trace_1;TC08;0.560338821;3.683958067;OracleVMAFViterbiQualityBasedAdaptor;Trace_1;0.991492147;43.40948187;0;0;0;0;0;42.05940611;91.79642381;7.495722082;0.723057501;0.640944843;-8.117025754;0.688960214;26.92435902
CD;Chimera1102353_OracleVMAFViterbiQualityBasedAdaptor_Trace_2;TC09;0.277153337;3.383635021;OracleVMAFViterbiQualityBasedAdaptor;Trace_2;0.990171128;42.75982229;0;0;0;0;0;41.5806169;94.34900476;7.839985066;0.792082096;0.616670794;-8.085640271;0.717662167;26.9244148
CD;Chimera1102353_OracleVMAFViterbiQualityBasedAdaptor_Trace_3;TC10;0.736764762;3.871060793;OracleVMAFViterbiQualityBasedAdaptor;Trace_3;0.99202288;43.60089882;0;0;0;0;0;40.59403526;87.81069524;7.374705568;0.67362427;0.620012031;-8.139503044;0.668326387;26.92432093
CD;Chimera1102353_OracleVMAFViterbiQualityBasedAdaptor_Trace_4;TC11;-0.524144135;2.533845356;OracleVMAFViterbiQualityBasedAdaptor;Trace_4;0.98745462;41.82155118;0;0;0;0;0;41.28751418;98.02360435;8.272869916;0.874273747;0.642905104;-8.048267727;0.751692742;26.924485
CD;Chimera1102353_OracleVMAFViterbiQualityBasedAdaptor_Trace_5;TC12;1.018146977;4.169471441;OracleVMAFViterbiQualityBasedAdaptor;Trace_5;0.993229444;44.27347498;0;0;0;0;0;38.62059954;82.22250952;7.089000326;0.529518231;0.670294134;-8.20502806;0.607724388;26.92421921
CD;Chimera1102353_OracleVMAFViterbiQualityBasedAdaptor_Trace_6;TC13;0.0272038;3.118559265;OracleVMAFViterbiQualityBasedAdaptor;Trace_6;0.986670439;41.52558808;0;0;0;0;0;40.16144495;97.21757143;8.206169694;0.933121707;0.577319714;-8.02150956;0.775971741;26.9245377
CD;Chimera1102353_SimpleThroughputBasedAdaptor_Trace_0;TC14;0.194861397;3.296363012;SimpleThroughputBasedAdaptor;Trace_0;0.991873244;43.63923485;0;0;0;0;0;39.27862681;89.44354091;7.426282091;0.621027713;0.639503534;-8.163418699;0.646291392;26.92428216
CD;Chimera1102353_SimpleThroughputBasedAdaptor_Trace_1;TC15;0.638363792;3.766704882;SimpleThroughputBasedAdaptor;Trace_1;0.991036115;43.18156977;0;0;0;0;0;41.22236825;92.91796667;7.657245252;0.738454531;0.650115733;-8.110024725;0.695373223;26.92437121
CD;Chimera1102353_SimpleThroughputBasedAdaptor_Trace_2;TC16;0.415597071;3.530456967;SimpleThroughputBasedAdaptor;Trace_2;0.988862919;42.27761244;0;0;0;0;0;41.36230592;96.03114286;7.975599325;0.839496521;0.61651544;-8.064080932;0.737311696;26.9244548
CD;Chimera1102353_SimpleThroughputBasedAdaptor_Trace_3;TC17;0.465154844;3.583013832;SimpleThroughputBasedAdaptor;Trace_3;0.990115027;43.06796738;0;0;0;0;0;40.88041859;92.12811429;7.613528219;0.701764097;0.638387785;-8.126707865;0.68008069;26.92434242
CD;Chimera1102353_SimpleThroughputBasedAdaptor_Trace_4;TC18;-0.458862982;2.603077135;SimpleThroughputBasedAdaptor;Trace_4;0.985616189;41.25211035;0;0;0;0;0;40.54152111;98.6432375;8.382649124;0.930112175;0.607269755;-8.022877994;0.77473171;26.92453496
CD;Chimera1102353_SimpleThroughputBasedAdaptor_Trace_5;TC19;1.043893506;4.196776075;SimpleThroughputBasedAdaptor;Trace_5;0.992836894;44.08983281;0;0;0;0;0;39.42975081;86.91634762;7.167861402;0.54041545;0.662718031;-8.200073095;0.612334054;26.9242264
CD;Chimera1102353_SimpleThroughputBasedAdaptor_Trace_6;TC20;-0.295691233;2.776123563;SimpleThroughputBasedAdaptor;Trace_6;0.985496247;41.18615786;0;0;0;0;0;40.2997155;98.92217143;8.456577721;0.96105861;0.585028649;-8.00880665;0.787474771;26.92456342
CD;Chimera1102353_VMAFViterbiQualityBasedAdaptor_Trace_0;TC21;0.525385868;3.646889863;VMAFViterbiQualityBasedAdaptor;Trace_0;0.991542647;43.47719249;0;0;0;0;0;40.43996219;89.83154286;7.567146197;0.690407433;0.636046135;-8.13187174;0.67533966;26.92433369
CD;Chimera1102353_VMAFViterbiQualityBasedAdaptor_Trace_1;TC22;0.308269071;3.416633789;VMAFViterbiQualityBasedAdaptor;Trace_1;0.990711618;43.07011884;0;0;0;0;0;41.3084049;92.35035714;7.619481319;0.789107837;0.648169945;-8.086992667;0.716427842;26.92441233
CD;Chimera1102353_VMAFViterbiQualityBasedAdaptor_Trace_2;TC23;0.286722962;3.393783772;VMAFViterbiQualityBasedAdaptor;Trace_2;0.989784888;42.6586936;0;0;0;0;0;40.65000077;94.35889524;7.974331585;0.781823287;0.629793768;-8.090304951;0.713403843;26.92440632
CD;Chimera1102353_VMAFViterbiQualityBasedAdaptor_Trace_3;TC24;0.27004896;3.376100708;VMAFViterbiQualityBasedAdaptor;Trace_3;0.990649308;43.2845672;0;0;0;0;0;39.71607928;90.27323333;7.615100126;0.666363308;0.643891957;-8.142804604;0.665289608;26.92431547
CD;Chimera1102353_VMAFViterbiQualityBasedAdaptor_Trace_4;TC25;-0.698828069;2.348590058;VMAFViterbiQualityBasedAdaptor;Trace_4;0.986618033;41.57254492;0;0;0;0;0;41.04469658;98.36554348;8.323761459;0.883117688;0.632006848;-8.044246387;0.755345867;26.92449279
CD;Chimera1102353_VMAFViterbiQualityBasedAdaptor_Trace_5;TC26;0.786268568;3.923560425;VMAFViterbiQualityBasedAdaptor;Trace_5;0.992992658;44.14438097;0;0;0;0;0;39.57032328;83.10503333;7.183977809;0.551854867;0.654054802;-8.194871592;0.617167846;26.92423403
CD;Chimera1102353_VMAFViterbiQualityBasedAdaptor_Trace_6;TC27;-0.202322227;2.87514299;VMAFViterbiQualityBasedAdaptor;Trace_6;0.986834465;41.56333351;0;0;0;0;0;40.23829399;97.65366667;8.215799248;0.901872287;0.582445288;-8.035718671;0.763087542;26.92450947
