refFile;testFile;Mqs;Mcs;HRC;videoDegradationType;videoCodec;videoBitrate;packetLossRate;freezingPauses;freezingLength;DAE_Video_cfv10_net
v01;v01_ANC2;4.661666667;4;ANC2;frameFreezing;-;-;-;0;0;2.87443008515572
v01;v01_HRC10;4.18;4;HRC10;frameFreezing;H.264;16000;-;1;2;3.47430286936984
v01;v01_ANC1;4.0325;4.25;ANC1;packetLoss;-;-;-;-;-;3.21970556025949
v01;v01_HRC9;3.993333333;3.555555556;HRC9;frameFreezing;H.264;2000;-;2;4;2.82522854091549
v01;v01_HRC8;3.61;3.4;HRC8;frameFreezing;H.265;1000;-;2;4;2.74651871213345
v01;v01_HRC5;3.287142857;3.571428571;HRC5;packetLoss;H.265;8000;0.01;-;-;2.8619759640597
v01;v01_HRC4;2.965;3;HRC4;packetLoss;H.265;1000;0.03;-;-;2.76995842423637
v01;v01_HRC7;2.663333333;3;HRC7;frameFreezing;H.264;800;-;3;7;2.60083218276515
v01;v01_HRC3;2.487142857;2.857142857;HRC3;packetLoss;H.264;2000;0.05;-;-;2.62522988696501
v01;v01_HRC6;2.46;3;HRC6;frameFreezing;H.265;200;-;3;8;2.5931314603647
v01;v01_HRC1;2.2225;4;HRC1;packetLoss;H.264;500;0.1;-;-;2.53804632704973
v01;v01_HRC2;1.906;3.6;HRC2;packetLoss;H.265;400;0.08;-;-;2.65096126777141
v02;v02_ANC2;4.62;3.25;ANC2;frameFreezing;-;-;-;0;0;3.34910297112297
v02;v02_HRC10;4.04125;3;HRC10;frameFreezing;H.264;16000;-;1;2;4.59316874388971
v02;v02_ANC1;3.884;3.4;ANC1;packetLoss;-;-;-;-;-;4.48851254144337
v02;v02_HRC9;3.663333333;3.666666667;HRC9;frameFreezing;H.264;2000;-;2;4;3.01924477788598
v02;v02_HRC5;3.57;3.666666667;HRC5;packetLoss;H.265;8000;0.01;-;-;3.34080340008844
v02;v02_HRC4;3.143333333;3.666666667;HRC4;packetLoss;H.265;1000;0.03;-;-;2.66546877170807
v02;v02_HRC8;2.761818182;3.454545455;HRC8;frameFreezing;H.265;1000;-;2;4;NaN
v02;v02_HRC3;2.53;2.666666667;HRC3;packetLoss;H.264;2000;0.05;-;-;2.61485053047599
v02;v02_HRC2;2.48;3;HRC2;packetLoss;H.265;400;0.08;-;-;2.60310121485361
v02;v02_HRC7;2.336666667;2.666666667;HRC7;frameFreezing;H.264;800;-;3;7;NaN
v02;v02_HRC6;2.194285714;2.857142857;HRC6;frameFreezing;H.265;200;-;3;8;NaN
v02;v02_HRC1;2.14;4;HRC1;packetLoss;H.264;500;0.1;-;-;2.5479471463512
v03;v03_ANC2;4.6;4;ANC2;frameFreezing;-;-;-;0;0;3.81280671006279
v03;v03_HRC10;4.376666667;4.333333333;HRC10;frameFreezing;H.264;16000;-;1;2;4.16972587920956
v03;v03_ANC1;4.193;3.4;ANC1;packetLoss;-;-;-;-;-;4.02812986922834
v03;v03_HRC5;3.6;3.714285714;HRC5;packetLoss;H.265;8000;0.01;-;-;3.82108048454815
v03;v03_HRC9;3.48;3.2;HRC9;frameFreezing;H.264;2000;-;2;4;3.21608756175848
v03;v03_HRC8;3.06;3;HRC8;frameFreezing;H.265;1000;-;2;4;2.76859971854941
v03;v03_HRC3;2.768333333;3.833333333;HRC3;packetLoss;H.264;2000;0.05;-;-;2.72946212419215
v03;v03_HRC4;2.741666667;3.166666667;HRC4;packetLoss;H.265;1000;0.03;-;-;3.03965890820739
v03;v03_HRC1;2.436666667;3.333333333;HRC1;packetLoss;H.264;500;0.1;-;-;2.49683241769388
v03;v03_HRC2;2.156;2.6;HRC2;packetLoss;H.265;400;0.08;-;-;2.61483622030222
v03;v03_HRC7;2.095;4;HRC7;frameFreezing;H.264;800;-;3;7;2.56945462877199
v03;v03_HRC6;1.83;3;HRC6;frameFreezing;H.265;200;-;3;8;2.53559937365427
v04;v04_ANC1;4.92;5;ANC1;packetLoss;-;-;-;-;-;4.17905642808738
v04;v04_ANC2;4.643333333;4;ANC2;frameFreezing;-;-;-;0;0;3.97604571783899
v04;v04_HRC10;4.4225;3.25;HRC10;frameFreezing;H.264;16000;-;1;2;4.35916767941131
v04;v04_HRC5;3.443333333;4.333333333;HRC5;packetLoss;H.265;8000;0.01;-;-;3.97317016183809
v04;v04_HRC8;3.206;3.5;HRC8;frameFreezing;H.265;1000;-;2;4;2.7601325828816
v04;v04_HRC3;2.795;3.333333333;HRC3;packetLoss;H.264;2000;0.05;-;-;2.60221197516269
v04;v04_HRC7;2.643333333;3.666666667;HRC7;frameFreezing;H.264;800;-;3;7;2.57444623268948
v04;v04_HRC4;2.6425;3.75;HRC4;packetLoss;H.265;1000;0.03;-;-;3.10725259071137
v04;v04_HRC9;2.582;3.4;HRC9;frameFreezing;H.264;2000;-;2;4;3.15241178730252
v04;v04_HRC1;1.8525;4;HRC1;packetLoss;H.264;500;0.1;-;-;2.51526172556945
v04;v04_HRC2;1.533333333;2.666666667;HRC2;packetLoss;H.265;400;0.08;-;-;2.58434481797724
v04;v04_HRC6;1.448888889;3.333333333;HRC6;frameFreezing;H.265;200;-;3;8;2.58099490296698
v05;v05_ANC2;4.218181818;4;ANC2;frameFreezing;-;-;-;0;0;3.82522088123925
v05;v05_HRC10;4.19;4.5;HRC10;frameFreezing;H.264;16000;-;1;2;4.01654221344668
v05;v05_ANC1;4.162;3.6;ANC1;packetLoss;-;-;-;-;-;3.88770536827706
v05;v05_HRC5;3.212;3.6;HRC5;packetLoss;H.265;8000;0.01;-;-;3.89739672107088
v05;v05_HRC9;2.9075;3.5;HRC9;frameFreezing;H.264;2000;-;2;4;2.82354940394465
v05;v05_HRC4;2.71;3.8;HRC4;packetLoss;H.265;1000;0.03;-;-;2.77849497344313
v05;v05_HRC8;2.6425;4;HRC8;frameFreezing;H.265;1000;-;2;4;2.47856929040934
v05;v05_HRC7;2.605;3.333333333;HRC7;frameFreezing;H.264;800;-;3;7;2.44829043152186
v05;v05_HRC2;1.923333333;3.833333333;HRC2;packetLoss;H.265;400;0.08;-;-;2.5228022687389
v05;v05_HRC1;1.92;3.333333333;HRC1;packetLoss;H.264;500;0.1;-;-;2.49995323875567
v05;v05_HRC3;1.89;3;HRC3;packetLoss;H.264;2000;0.05;-;-;2.51870947292344
v05;v05_HRC6;1.444;2;HRC6;frameFreezing;H.265;200;-;3;8;2.55939175308255
v06;v06_ANC2;4.77;4.333333333;ANC2;frameFreezing;-;-;-;0;0;2.81844364611803
v06;v06_HRC10;3.5775;3.5;HRC10;frameFreezing;H.264;16000;-;1;2;3.27778357305935
v06;v06_HRC9;3.55;5;HRC9;frameFreezing;H.264;2000;-;2;4;2.83884202029411
v06;v06_ANC1;3.47;3.2;ANC1;packetLoss;-;-;-;-;-;3.20187487394238
v06;v06_HRC4;3.14;2;HRC4;packetLoss;H.265;1000;0.03;-;-;2.70540782536434
v06;v06_HRC5;3.106666667;3;HRC5;packetLoss;H.265;8000;0.01;-;-;2.85886773018663
v06;v06_HRC8;2.92;3.2;HRC8;frameFreezing;H.265;1000;-;2;4;2.66924334404819
v06;v06_HRC6;2.89;4.333333333;HRC6;frameFreezing;H.265;200;-;3;8;2.67330643539873
v06;v06_HRC3;2.6275;3.5;HRC3;packetLoss;H.264;2000;0.05;-;-;2.571455122216
v06;v06_HRC7;2.495555556;2.777777778;HRC7;frameFreezing;H.264;800;-;3;7;2.57385635774091
v06;v06_HRC1;2.25125;2.75;HRC1;packetLoss;H.264;500;0.1;-;-;2.56889708026338
v06;v06_HRC2;1.995454545;3.181818182;HRC2;packetLoss;H.265;400;0.08;-;-;2.66780786748555
v07;v07_ANC2;4.4;4;ANC2;frameFreezing;-;-;-;0;0;4.4994152802775
v07;v07_ANC1;4.241428571;3.285714286;ANC1;packetLoss;-;-;-;-;-;4.42428584912444
v07;v07_HRC10;4.033333333;3.666666667;HRC10;frameFreezing;H.264;16000;-;1;2;4.55506945108217
v07;v07_HRC5;3.285;3.75;HRC5;packetLoss;H.265;8000;0.01;-;-;4.51100864438513
v07;v07_HRC9;3.2825;3.25;HRC9;frameFreezing;H.264;2000;-;2;4;3.36997512191398
v07;v07_HRC8;3.111;2.5;HRC8;frameFreezing;H.265;1000;-;2;4;2.64737678021087
v07;v07_HRC3;2.746666667;3.333333333;HRC3;packetLoss;H.264;2000;0.05;-;-;2.53562095344725
v07;v07_HRC1;2.45;1.5;HRC1;packetLoss;H.264;500;0.1;-;-;2.55990687447369
v07;v07_HRC7;2.393333333;3;HRC7;frameFreezing;H.264;800;-;3;7;2.60698833971548
v07;v07_HRC4;2.06;2.714285714;HRC4;packetLoss;H.265;1000;0.03;-;-;2.99619593073081
v07;v07_HRC2;1.703333333;2.666666667;HRC2;packetLoss;H.265;400;0.08;-;-;2.56790260339776
v07;v07_HRC6;1.665;2.5;HRC6;frameFreezing;H.265;200;-;3;8;2.49818357203102
v08;v08_ANC1;4.75;2;ANC1;packetLoss;-;-;-;-;-;4.34033592697926
v08;v08_ANC2;4.502857143;2.571428571;ANC2;frameFreezing;-;-;-;0;0;3.88496810989918
v08;v08_HRC5;4.181428571;2.857142857;HRC5;packetLoss;H.265;8000;0.01;-;-;3.86486341081507
v08;v08_HRC10;3.544285714;3;HRC10;frameFreezing;H.264;16000;-;1;2;4.36684449464965
v08;v08_HRC8;3.345;2.75;HRC8;frameFreezing;H.265;1000;-;2;4;2.72805192930661
v08;v08_HRC9;3.154;3;HRC9;frameFreezing;H.264;2000;-;2;4;2.97979799409453
v08;v08_HRC4;2.912;3.6;HRC4;packetLoss;H.265;1000;0.03;-;-;2.76793022684703
v08;v08_HRC1;2.4225;3;HRC1;packetLoss;H.264;500;0.1;-;-;2.59637441034556
v08;v08_HRC7;2.323333333;2.444444444;HRC7;frameFreezing;H.264;800;-;3;7;2.61588145921205
v08;v08_HRC3;2.123333333;4;HRC3;packetLoss;H.264;2000;0.05;-;-;2.62648317636984
v08;v08_HRC2;1.77;2.75;HRC2;packetLoss;H.265;400;0.08;-;-;2.61947202020025
v08;v08_HRC6;1.59;1.8;HRC6;frameFreezing;H.265;200;-;3;8;2.71708680244765
v09;v09_ANC1;4.195;3.25;ANC1;packetLoss;-;-;-;-;-;3.52296167732127
v09;v09_HRC10;4.1875;3.75;HRC10;frameFreezing;H.264;16000;-;1;2;3.69292655648361
v09;v09_ANC2;4;4;ANC2;frameFreezing;-;-;-;0;0;3.13316373511037
v09;v09_HRC5;3.778;3.2;HRC5;packetLoss;H.265;8000;0.01;-;-;3.11928255246635
v09;v09_HRC9;3.28;3.363636364;HRC9;frameFreezing;H.264;2000;-;2;4;2.99923539126379
v09;v09_HRC4;3.175714286;3.285714286;HRC4;packetLoss;H.265;1000;0.03;-;-;2.94228283242328
v09;v09_HRC2;3.073333333;3;HRC2;packetLoss;H.265;400;0.08;-;-;2.7488809004916
v09;v09_HRC8;3.013333333;3.333333333;HRC8;frameFreezing;H.265;1000;-;2;4;2.84995055113428
v09;v09_HRC3;2.88375;3.5;HRC3;packetLoss;H.264;2000;0.05;-;-;2.74439139947582
v09;v09_HRC7;2.806666667;3.333333333;HRC7;frameFreezing;H.264;800;-;3;7;2.54572994705741
v09;v09_HRC1;2.755;4.5;HRC1;packetLoss;H.264;500;0.1;-;-;2.55449937067753
v09;v09_HRC6;2.455;3;HRC6;frameFreezing;H.265;200;-;3;8;2.65551787927193
v10;v10_ANC1;4.5725;3.5;ANC1;packetLoss;-;-;-;-;-;3.75956243922773
v10;v10_ANC2;4.546666667;3.333333333;ANC2;frameFreezing;-;-;-;0;0;3.8708117604133
v10;v10_HRC10;4.14;3;HRC10;frameFreezing;H.264;16000;-;1;2;3.95691791679545
v10;v10_HRC8;3.735;4;HRC8;frameFreezing;H.265;1000;-;2;4;2.60853028573813
v10;v10_HRC5;3.673333333;4;HRC5;packetLoss;H.265;8000;0.01;-;-;3.86960262613267
v10;v10_HRC7;2.83;2;HRC7;frameFreezing;H.264;800;-;3;7;2.58480548807231
v10;v10_HRC9;2.774;3.8;HRC9;frameFreezing;H.264;2000;-;2;4;2.86083262959156
v10;v10_HRC4;2.37;3.777777778;HRC4;packetLoss;H.265;1000;0.03;-;-;2.58883462361336
v10;v10_HRC3;2.26;3.166666667;HRC3;packetLoss;H.264;2000;0.05;-;-;2.56056404070746
v10;v10_HRC1;1.985;2875;HRC1;packetLoss;H.264;500;0.1;-;-;2.57674552847089
v10;v10_HRC6;1.444444444;2.888888889;HRC6;frameFreezing;H.265;200;-;3;8;2.48287172365552
v10;v10_HRC2;1.36;2.8;HRC2;packetLoss;H.265;400;0.08;-;-;2.40259236900553
v11;v11_ANC2;4.623333333;3.555555556;ANC2;frameFreezing;-;-;-;0;0;3.13325775475793
v11;v11_ANC1;4.47;4;ANC1;packetLoss;-;-;-;-;-;4.4002785217182
v11;v11_HRC5;4.47;2.5;HRC5;packetLoss;H.265;8000;0.01;-;-;3.14569060892347
v11;v11_HRC10;3.875;3.5;HRC10;frameFreezing;H.264;16000;-;1;2;4.48428200367463
v11;v11_HRC4;2.894;3.2;HRC4;packetLoss;H.265;1000;0.03;-;-;2.59522569946114
v11;v11_HRC9;2.79;1;HRC9;frameFreezing;H.264;2000;-;2;4;2.92222951622867
v11;v11_HRC8;2.638571429;3.571428571;HRC8;frameFreezing;H.265;1000;-;2;4;2.8024939250873
v11;v11_HRC7;2.536666667;2.666666667;HRC7;frameFreezing;H.264;800;-;3;7;2.62355709501039
v11;v11_HRC3;2.506;2.6;HRC3;packetLoss;H.264;2000;0.05;-;-;2.60084139300592
v11;v11_HRC2;2.118571429;2.857142857;HRC2;packetLoss;H.265;400;0.08;-;-;2.58620052125289
v11;v11_HRC6;1.794285714;2.285714286;HRC6;frameFreezing;H.265;200;-;3;8;2.59039205053779
v11;v11_HRC1;1.696;3.2;HRC1;packetLoss;H.264;500;0.1;-;-;2.55927273864132
v12;v12_ANC2;4.406666667;3.333333333;ANC2;frameFreezing;-;-;-;0;0;3.39391070913553
v12;v12_HRC10;3.61;3.333333333;HRC10;frameFreezing;H.264;16000;-;1;2;3.97353412695262
v12;v12_ANC1;3.596666667;2;ANC1;packetLoss;-;-;-;-;-;3.90570202705132
v12;v12_HRC3;3.188;2.6;HRC3;packetLoss;H.264;2000;0.05;-;-;2.58152928986164
v12;v12_HRC9;2.8025;2.75;HRC9;frameFreezing;H.264;2000;-;2;4;2.51765558393855
v12;v12_HRC5;2.686666667;3.333333333;HRC5;packetLoss;H.265;8000;0.01;-;-;3.42625333304368
v12;v12_HRC8;2.676666667;2.333333333;HRC8;frameFreezing;H.265;1000;-;2;4;2.63372457226139
v12;v12_HRC1;2.642;3.2;HRC1;packetLoss;H.264;500;0.1;-;-;2.53894767164182
v12;v12_HRC4;2.586666667;3.166666667;HRC4;packetLoss;H.265;1000;0.03;-;-;2.57396687780041
v12;v12_HRC7;2.516666667;2.666666667;HRC7;frameFreezing;H.264;800;-;3;7;2.57434925993968
v12;v12_HRC2;1.839;2.6;HRC2;packetLoss;H.265;400;0.08;-;-;2.57357881842682
v12;v12_HRC6;1.5075;3;HRC6;frameFreezing;H.265;200;-;3;8;2.57923386341918
v13;v13_ANC2;4.44;4;ANC2;frameFreezing;-;-;-;0;0;3.39246516120017
v13;v13_HRC9;3.549166667;3.166666667;HRC9;frameFreezing;H.264;2000;-;2;4;2.90806791191574
v13;v13_HRC5;3.45;3;HRC5;packetLoss;H.265;8000;0.01;-;-;3.39297476271708
v13;v13_HRC7;3.44;3.5;HRC7;frameFreezing;H.264;800;-;3;7;2.54025415598511
v13;v13_ANC1;3.43;3.666666667;ANC1;packetLoss;-;-;-;-;-;3.71272938663892
v13;v13_HRC10;3.35;3.25;HRC10;frameFreezing;H.264;16000;-;1;2;3.84083406309523
v13;v13_HRC3;2.986666667;3.666666667;HRC3;packetLoss;H.264;2000;0.05;-;-;2.52542569354445
v13;v13_HRC4;2.98;3;HRC4;packetLoss;H.265;1000;0.03;-;-;2.67189048012968
v13;v13_HRC8;2.748571429;3.142857143;HRC8;frameFreezing;H.265;1000;-;2;4;2.51456412705525
v13;v13_HRC1;1.898571429;3;HRC1;packetLoss;H.264;500;0.1;-;-;2.55952196701439
v13;v13_HRC6;1.852;2.8;HRC6;frameFreezing;H.265;200;-;3;8;2.54384769348982
v13;v13_HRC2;1.596666667;4;HRC2;packetLoss;H.265;400;0.08;-;-;2.6340619917048
v14;v14_HRC9;3.534;3.4;HRC9;frameFreezing;H.264;2000;-;2;4;2.98275736473244
v14;v14_ANC2;4.588333333;3.333333333;ANC2;frameFreezing;-;-;-;0;0;4.13061852243717
v14;v14_ANC1;3.995;2.75;ANC1;packetLoss;-;-;-;-;-;4.30065631969572
v14;v14_HRC10;3.812;3.3;HRC10;frameFreezing;H.264;16000;-;1;2;4.36542682771889
v14;v14_HRC8;3.02;2.857142857;HRC8;frameFreezing;H.265;1000;-;2;4;2.73408772732858
v14;v14_HRC7;2.6425;2.25;HRC7;frameFreezing;H.264;800;-;3;7;2.58960563171701
v14;v14_HRC2;2.515;2;HRC2;packetLoss;H.265;400;0.08;-;-;2.56908223357141
v14;v14_HRC4;2.265;3.166666667;HRC4;packetLoss;H.265;1000;0.03;-;-;2.73615675732469
v14;v14_HRC3;2.135;2.75;HRC3;packetLoss;H.264;2000;0.05;-;-;2.54951658434186
v14;v14_HRC1;1.846;2.8;HRC1;packetLoss;H.264;500;0.1;-;-;2.54776566781865
v14;v14_HRC6;1.528571429;2.571428571;HRC6;frameFreezing;H.265;200;-;3;8;2.61439254101459
v14;v14_HRC5;1.51;1;HRC5;packetLoss;H.265;8000;0.01;-;-;4.07683975374126
v15;v15_ANC2;4.33;2;ANC2;frameFreezing;-;-;-;0;0;3.52402643914454
v15;v15_ANC1;3.906666667;3;ANC1;packetLoss;-;-;-;-;-;4.11387797728262
v15;v15_HRC10;3.3875;3.5;HRC10;frameFreezing;H.264;16000;-;1;2;4.04663274386057
v15;v15_HRC5;3.3475;3.75;HRC5;packetLoss;H.265;8000;0.01;-;-;3.54394377437597
v15;v15_HRC8;2.593333333;4;HRC8;frameFreezing;H.265;1000;-;2;4;NaN
v15;v15_HRC9;2.483333333;2.666666667;HRC9;frameFreezing;H.264;2000;-;2;4;2.84141709920587
v15;v15_HRC4;2.431818182;3.454545455;HRC4;packetLoss;H.265;1000;0.03;-;-;2.73396814157165
v15;v15_HRC1;2.39;3.142857143;HRC1;packetLoss;H.264;500;0.1;-;-;2.47283523140469
v15;v15_HRC6;2.2725;3;HRC6;frameFreezing;H.265;200;-;3;8;NaN
v15;v15_HRC3;2.128571429;2.857142857;HRC3;packetLoss;H.264;2000;0.05;-;-;2.5806222898235
v15;v15_HRC2;2.06;3;HRC2;packetLoss;H.265;400;0.08;-;-;2.60032847000589
v15;v15_HRC7;1.93;2.666666667;HRC7;frameFreezing;H.264;800;-;3;7;NaN
v16;v16_ANC2;4.81625;2875;ANC2;frameFreezing;-;-;-;0;0;3.27857863304367
v16;v16_HRC9;4.366666667;4;HRC9;frameFreezing;H.264;2000;-;2;4;3.20502679020142
v16;v16_HRC10;4.0775;3125;HRC10;frameFreezing;H.264;16000;-;1;2;4.54751583223474
v16;v16_ANC1;4.06;3;ANC1;packetLoss;-;-;-;-;-;4.29709691358377
v16;v16_HRC8;3.658333333;3.333333333;HRC8;frameFreezing;H.265;1000;-;2;4;3.10637350888001
v16;v16_HRC5;3.464;3.8;HRC5;packetLoss;H.265;8000;0.01;-;-;3.19648609348519
v16;v16_HRC6;3.2575;3.75;HRC6;frameFreezing;H.265;200;-;3;8;2.9633281730632
v16;v16_HRC4;3.102857143;3.714285714;HRC4;packetLoss;H.265;1000;0.03;-;-;2.83180366052551
v16;v16_HRC3;3.063333333;3.666666667;HRC3;packetLoss;H.264;2000;0.05;-;-;2.62613218055117
v16;v16_HRC1;2.278571429;3.285714286;HRC1;packetLoss;H.264;500;0.1;-;-;2.60570233913799
v16;v16_HRC2;2.273333333;2.666666667;HRC2;packetLoss;H.265;400;0.08;-;-;2.6617911138224
v16;v16_HRC7;2.0775;3.5;HRC7;frameFreezing;H.264;800;-;3;7;2.63776075671987
v17;v17_ANC2;4.831428571;3.428571429;ANC2;frameFreezing;-;-;-;0;0;3.7558380620112
v17;v17_ANC1;4.69625;3375;ANC1;packetLoss;-;-;-;-;-;3.78916201245707
v17;v17_HRC10;4.647142857;3.285714286;HRC10;frameFreezing;H.264;16000;-;1;2;4.02166756204173
v17;v17_HRC7;3.65;4;HRC7;frameFreezing;H.264;800;-;3;7;2.56279396896211
v17;v17_HRC5;3.5175;3;HRC5;packetLoss;H.265;8000;0.01;-;-;3.75675585565283
v17;v17_HRC9;2.758333333;3.5;HRC9;frameFreezing;H.264;2000;-;2;4;2.73343263231499
v17;v17_HRC8;2.465;3.5;HRC8;frameFreezing;H.265;1000;-;2;4;2.57809723639139
v17;v17_HRC4;2.03;2.8;HRC4;packetLoss;H.265;1000;0.03;-;-;2.64725992690594
v17;v17_HRC3;1.535;3.5;HRC3;packetLoss;H.264;2000;0.05;-;-;2.49139241880282
v17;v17_HRC1;1.45;3.333333333;HRC1;packetLoss;H.264;500;0.1;-;-;2.49409762408261
v17;v17_HRC2;1.338571429;3.428571429;HRC2;packetLoss;H.265;400;0.08;-;-;2.46001796608745
v17;v17_HRC6;1.0825;1.5;HRC6;frameFreezing;H.265;200;-;3;8;2.54008031337445
v18;v18_ANC2;4.73;3.6;ANC2;frameFreezing;-;-;-;0;0;3.6211830738635
v18;v18_ANC1;4.515;4;ANC1;packetLoss;-;-;-;-;-;4.42158562129676
v18;v18_HRC9;4.133333333;3;HRC9;frameFreezing;H.264;2000;-;2;4;2.81449652864444
v18;v18_HRC10;3.969;3.2;HRC10;frameFreezing;H.264;16000;-;1;2;4.39088314929328
v18;v18_HRC5;3.936666667;3.5;HRC5;packetLoss;H.265;8000;0.01;-;-;3.61241633174369
v18;v18_HRC4;3.455;3.25;HRC4;packetLoss;H.265;1000;0.03;-;-;2.81800368759799
v18;v18_HRC8;3.031666667;2.333333333;HRC8;frameFreezing;H.265;1000;-;2;4;2.83300372004034
v18;v18_HRC6;3;3;HRC6;frameFreezing;H.265;200;-;3;8;2.69596287576493
v18;v18_HRC7;2.785;2.5;HRC7;frameFreezing;H.264;800;-;3;7;2.63669572221899
v18;v18_HRC3;2.573333333;3.666666667;HRC3;packetLoss;H.264;2000;0.05;-;-;2.82018949708451
v18;v18_HRC2;2.14;2.6;HRC2;packetLoss;H.265;400;0.08;-;-;2.70590949776969
v18;v18_HRC1;1.965;2.25;HRC1;packetLoss;H.264;500;0.1;-;-;2.60917833231278
v19;v19_ANC2;4.681;3.3;ANC2;frameFreezing;-;-;-;0;0;4.27504529710287
v19;v19_ANC1;4.027777778;3.111111111;ANC1;packetLoss;-;-;-;-;-;4.30210472927033
v19;v19_HRC10;3.513333333;3.666666667;HRC10;frameFreezing;H.264;16000;-;1;2;4.31166467350719
v19;v19_HRC3;3.483333333;3.333333333;HRC3;packetLoss;H.264;2000;0.05;-;-;2.57967260416559
v19;v19_HRC7;2.904;3.2;HRC7;frameFreezing;H.264;800;-;3;7;2.55545901978819
v19;v19_HRC9;2.885;2875;HRC9;frameFreezing;H.264;2000;-;2;4;3.48995553421813
v19;v19_HRC5;2.8;2.333333333;HRC5;packetLoss;H.265;8000;0.01;-;-;4.27744608604705
v19;v19_HRC1;2.525;2.25;HRC1;packetLoss;H.264;500;0.1;-;-;2.55779871127924
v19;v19_HRC4;2.3325;3.5;HRC4;packetLoss;H.265;1000;0.03;-;-;3.32797033177423
v19;v19_HRC8;2.323333333;2.5;HRC8;frameFreezing;H.265;1000;-;2;4;2.56108372856811
v19;v19_HRC6;2.01;3;HRC6;frameFreezing;H.265;200;-;3;8;2.67717363587055
v19;v19_HRC2;1.474;3.2;HRC2;packetLoss;H.265;400;0.08;-;-;2.64242183229115
v20;v20_ANC2;4.77;3.333333333;ANC2;frameFreezing;-;-;-;0;0;3.26985050224731
v20;v20_ANC1;4.371666667;3.166666667;ANC1;packetLoss;-;-;-;-;-;4.41580966802948
v20;v20_HRC10;4.2425;2375;HRC10;frameFreezing;H.264;16000;-;1;2;4.40301205114548
v20;v20_HRC9;3.79;1.666666667;HRC9;frameFreezing;H.264;2000;-;2;4;2.53039073854707
v20;v20_HRC5;3.2775;2.5;HRC5;packetLoss;H.265;8000;0.01;-;-;2.91398339133678
v20;v20_HRC8;2.8525;2;HRC8;frameFreezing;H.265;1000;-;2;4;NaN
v20;v20_HRC3;2.347142857;2.857142857;HRC3;packetLoss;H.264;2000;0.05;-;-;2.57220262684817
v20;v20_HRC4;2.288;2.8;HRC4;packetLoss;H.265;1000;0.03;-;-;2.51256679981473
v20;v20_HRC6;2.13;2.666666667;HRC6;frameFreezing;H.265;200;-;3;8;NaN
v20;v20_HRC7;2.123333333;2;HRC7;frameFreezing;H.264;800;-;3;7;NaN
v20;v20_HRC2;1.911428571;1.714285714;HRC2;packetLoss;H.265;400;0.08;-;-;2.56061136209026
v20;v20_HRC1;1.595;1.75;HRC1;packetLoss;H.264;500;0.1;-;-;2.56465280846702
v21;v21_ANC2;4.7425;4;ANC2;frameFreezing;-;-;-;0;0;3.83924664648741
v21;v21_ANC1;4.635555556;3;ANC1;packetLoss;-;-;-;-;-;4.39724622938928
v21;v21_HRC10;3.888888889;4;HRC10;frameFreezing;H.264;16000;-;1;2;4.48144912645556
v21;v21_HRC5;3.695;3.5;HRC5;packetLoss;H.265;8000;0.01;-;-;3.8307130694844
v21;v21_HRC9;3.61;3.75;HRC9;frameFreezing;H.264;2000;-;2;4;3.12689668708839
v21;v21_HRC8;3.365;3.25;HRC8;frameFreezing;H.265;1000;-;2;4;2.66114652156919
v21;v21_HRC3;3.04;3.666666667;HRC3;packetLoss;H.264;2000;0.05;-;-;2.59036068494985
v21;v21_HRC6;2.383333333;3;HRC6;frameFreezing;H.265;200;-;3;8;2.64967276813216
v21;v21_HRC7;2.221666667;3.333333333;HRC7;frameFreezing;H.264;800;-;3;7;2.61084294565545
v21;v21_HRC2;2.066666667;3;HRC2;packetLoss;H.265;400;0.08;-;-;2.65510770349264
v21;v21_HRC1;1.99;3;HRC1;packetLoss;H.264;500;0.1;-;-;2.55876968303733
v21;v21_HRC4;1.57;2;HRC4;packetLoss;H.265;1000;0.03;-;-;2.95919514254478
v22;v22_HRC5;4.583333333;4.333333333;HRC5;packetLoss;H.265;8000;0.01;-;-;4.05901693272142
v22;v22_ANC1;4.532857143;3.142857143;ANC1;packetLoss;-;-;-;-;-;4.21363217921566
v22;v22_ANC2;4.27;2.4;ANC2;frameFreezing;-;-;-;0;0;4.03936451878371
v22;v22_HRC10;4.0575;3;HRC10;frameFreezing;H.264;16000;-;1;2;4.27847427045405
v22;v22_HRC9;3.88375;3375;HRC9;frameFreezing;H.264;2000;-;2;4;3.56750996068495
v22;v22_HRC2;3.705;2.5;HRC2;packetLoss;H.265;400;0.08;-;-;2.91684778257686
v22;v22_HRC3;3.626;3;HRC3;packetLoss;H.264;2000;0.05;-;-;2.99272925019609
v22;v22_HRC4;3.56;2.333333333;HRC4;packetLoss;H.265;1000;0.03;-;-;3.37655366578531
v22;v22_HRC8;3.42;3.25;HRC8;frameFreezing;H.265;1000;-;2;4;NaN
v22;v22_HRC7;2.505;3;HRC7;frameFreezing;H.264;800;-;3;7;NaN
v22;v22_HRC1;2.418;2.2;HRC1;packetLoss;H.264;500;0.1;-;-;2.55501230713547
v22;v22_HRC6;2.316666667;3;HRC6;frameFreezing;H.265;200;-;3;8;NaN
v23;v23_ANC1;4.502;3.2;ANC1;packetLoss;-;-;-;-;-;4.28712161312173
v23;v23_ANC2;4.442;3.4;ANC2;frameFreezing;-;-;-;0;0;3.30239537561035
v23;v23_HRC10;4.216;2.8;HRC10;frameFreezing;H.264;16000;-;1;2;4.43175640563128
v23;v23_HRC8;3.252;2.4;HRC8;frameFreezing;H.265;1000;-;2;4;2.67960479712871
v23;v23_HRC9;3.172;3.2;HRC9;frameFreezing;H.264;2000;-;2;4;2.77403589139084
v23;v23_HRC4;3.13;2.2;HRC4;packetLoss;H.265;1000;0.03;-;-;2.6791537357081
v23;v23_HRC5;3.115714286;3.428571429;HRC5;packetLoss;H.265;8000;0.01;-;-;3.27679588547833
v23;v23_HRC3;2.42;1.75;HRC3;packetLoss;H.264;2000;0.05;-;-;2.58112364080475
v23;v23_HRC6;2.4;2.8;HRC6;frameFreezing;H.265;200;-;3;8;2.69411145467713
v23;v23_HRC7;2.19125;2125;HRC7;frameFreezing;H.264;800;-;3;7;2.58161094993284
v23;v23_HRC2;1.79;2.6;HRC2;packetLoss;H.265;400;0.08;-;-;2.62291292139796
v23;v23_HRC1;1.24;3.5;HRC1;packetLoss;H.264;500;0.1;-;-;2.48192386334568
v24;v24_ANC2;4.51;4.333333333;ANC2;frameFreezing;-;-;-;0;0;3.54496532799811
v24;v24_HRC5;4.376666667;3.666666667;HRC5;packetLoss;H.265;8000;0.01;-;-;3.55279951659026
v24;v24_ANC1;4.0475;3.5;ANC1;packetLoss;-;-;-;-;-;4.03915664663879
v24;v24_HRC10;3.895;3.3;HRC10;frameFreezing;H.264;16000;-;1;2;4.30154936403741
v24;v24_HRC4;3.29;4;HRC4;packetLoss;H.265;1000;0.03;-;-;2.70528040369843
v24;v24_HRC8;3.2;3;HRC8;frameFreezing;H.265;1000;-;2;4;NaN
v24;v24_HRC7;2.922857143;3.857142857;HRC7;frameFreezing;H.264;800;-;3;7;NaN
v24;v24_HRC9;2.808888889;3.222222222;HRC9;frameFreezing;H.264;2000;-;2;4;2.88545486918572
v24;v24_HRC2;2.601666667;3.5;HRC2;packetLoss;H.265;400;0.08;-;-;2.62198634540668
v24;v24_HRC3;2.42;3.25;HRC3;packetLoss;H.264;2000;0.05;-;-;2.58999165354088
v24;v24_HRC1;2.308333333;2.833333333;HRC1;packetLoss;H.264;500;0.1;-;-;2.59577580228578
v24;v24_HRC6;2.15;3.333333333;HRC6;frameFreezing;H.265;200;-;3;8;NaN
v25;v25_ANC2;4.632;2.6;ANC2;frameFreezing;-;-;-;0;0;NaN
v25;v25_ANC1;4.612857143;2;ANC1;packetLoss;-;-;-;-;-;NaN
v25;v25_HRC10;4.06;3.166666667;HRC10;frameFreezing;H.264;16000;-;1;2;NaN
v25;v25_HRC5;3.876;2.8;HRC5;packetLoss;H.265;8000;0.01;-;-;NaN
v25;v25_HRC8;3.522857143;2.714285714;HRC8;frameFreezing;H.265;1000;-;2;4;NaN
v25;v25_HRC4;3.17;2.666666667;HRC4;packetLoss;H.265;1000;0.03;-;-;NaN
v25;v25_HRC3;2.98;2;HRC3;packetLoss;H.264;2000;0.05;-;-;NaN
v25;v25_HRC1;2.616666667;1.333333333;HRC1;packetLoss;H.264;500;0.1;-;-;NaN
v25;v25_HRC9;2.496666667;2.666666667;HRC9;frameFreezing;H.264;2000;-;2;4;NaN
v25;v25_HRC7;2.428888889;2.222222222;HRC7;frameFreezing;H.264;800;-;3;7;NaN
v25;v25_HRC2;1.976666667;1.833333333;HRC2;packetLoss;H.265;400;0.08;-;-;NaN
v25;v25_HRC6;1.97;2.333333333;HRC6;frameFreezing;H.265;200;-;3;8;NaN
v26;v26_ANC2;4.63375;3125;ANC2;frameFreezing;-;-;-;0;0;3.7073846971892
v26;v26_HRC10;4.271666667;4;HRC10;frameFreezing;H.264;16000;-;1;2;4.50037775483201
v26;v26_ANC1;4.13;3.333333333;ANC1;packetLoss;-;-;-;-;-;4.35672226565408
v26;v26_HRC9;3.59;2.8;HRC9;frameFreezing;H.264;2000;-;2;4;2.77138672515055
v26;v26_HRC5;3.0725;2.75;HRC5;packetLoss;H.265;8000;0.01;-;-;3.64342840148087
v26;v26_HRC8;2.905;3.5;HRC8;frameFreezing;H.265;1000;-;2;4;2.56658484783477
v26;v26_HRC4;2.806;3;HRC4;packetLoss;H.265;1000;0.03;-;-;2.66843948076749
v26;v26_HRC7;2.35;3;HRC7;frameFreezing;H.264;800;-;3;7;2.59211433768539
v26;v26_HRC2;2.06375;3;HRC2;packetLoss;H.265;400;0.08;-;-;2.57159078185951
v26;v26_HRC3;1.7575;2875;HRC3;packetLoss;H.264;2000;0.05;-;-;2.58694331502173
v26;v26_HRC6;1.663333333;2;HRC6;frameFreezing;H.265;200;-;3;8;2.65035827698356
v26;v26_HRC1;1.493333333;2.333333333;HRC1;packetLoss;H.264;500;0.1;-;-;2.52655994354317
v27;v27_ANC1;4.85;3.333333333;ANC1;packetLoss;-;-;-;-;-;4.0626262165834
v27;v27_ANC2;4.586666667;4;ANC2;frameFreezing;-;-;-;0;0;3.74422235646321
v27;v27_HRC10;3.833333333;2.666666667;HRC10;frameFreezing;H.264;16000;-;1;2;4.26982366891184
v27;v27_HRC5;3.63;4.166666667;HRC5;packetLoss;H.265;8000;0.01;-;-;3.7670705960206
v27;v27_HRC4;2.715;4;HRC4;packetLoss;H.265;1000;0.03;-;-;2.64296667550748
v27;v27_HRC8;2.6975;4;HRC8;frameFreezing;H.265;1000;-;2;4;2.6665893650395
v27;v27_HRC9;2.491666667;3;HRC9;frameFreezing;H.264;2000;-;2;4;2.84500281657254
v27;v27_HRC7;2.45875;3625;HRC7;frameFreezing;H.264;800;-;3;7;2.57059581492852
v27;v27_HRC3;2.184;3.8;HRC3;packetLoss;H.264;2000;0.05;-;-;2.57074667968262
v27;v27_HRC1;1.8025;3;HRC1;packetLoss;H.264;500;0.1;-;-;2.56060119671563
v27;v27_HRC6;1.344285714;2.571428571;HRC6;frameFreezing;H.265;200;-;3;8;2.53831070006133
v27;v27_HRC2;1.275;3.2;HRC2;packetLoss;H.265;400;0.08;-;-;2.48843324795436
v28;v28_ANC2;4.57;4.2;ANC2;frameFreezing;-;-;-;0;0;NaN
v28;v28_ANC1;4.044;3.8;ANC1;packetLoss;-;-;-;-;-;NaN
v28;v28_HRC10;3.693333333;4;HRC10;frameFreezing;H.264;16000;-;1;2;NaN
v28;v28_HRC9;3.4325;3.5;HRC9;frameFreezing;H.264;2000;-;2;4;NaN
v28;v28_HRC5;3.43;3.5;HRC5;packetLoss;H.265;8000;0.01;-;-;NaN
v28;v28_HRC8;2.82;2.833333333;HRC8;frameFreezing;H.265;1000;-;2;4;NaN
v28;v28_HRC2;2.38;3.166666667;HRC2;packetLoss;H.265;400;0.08;-;-;NaN
v28;v28_HRC7;2.13;3.333333333;HRC7;frameFreezing;H.264;800;-;3;7;NaN
v28;v28_HRC1;2.087142857;2.857142857;HRC1;packetLoss;H.264;500;0.1;-;-;NaN
v28;v28_HRC4;2.04;3;HRC4;packetLoss;H.265;1000;0.03;-;-;NaN
v28;v28_HRC3;1.875;3;HRC3;packetLoss;H.264;2000;0.05;-;-;NaN
v28;v28_HRC6;1.807777778;3;HRC6;frameFreezing;H.265;200;-;3;8;NaN
v29;v29_ANC1;4.497777778;3.555555556;ANC1;packetLoss;-;-;-;-;-;4.06105981372742
v29;v29_ANC2;4.392;3.8;ANC2;frameFreezing;-;-;-;0;0;3.7040495075955
v29;v29_HRC9;4.05;3.666666667;HRC9;frameFreezing;H.264;2000;-;2;4;2.84085494810325
v29;v29_HRC10;3.893333333;2.666666667;HRC10;frameFreezing;H.264;16000;-;1;2;4.21844808604687
v29;v29_HRC5;3.215;3.25;HRC5;packetLoss;H.265;8000;0.01;-;-;3.71242571309772
v29;v29_HRC8;3.1;3.333333333;HRC8;frameFreezing;H.265;1000;-;2;4;2.75476771278605
v29;v29_HRC7;2.806666667;2;HRC7;frameFreezing;H.264;800;-;3;7;2.75123820688443
v29;v29_HRC1;2.112857143;2.857142857;HRC1;packetLoss;H.264;500;0.1;-;-;2.64846781880675
v29;v29_HRC6;2.053333333;2.166666667;HRC6;frameFreezing;H.265;200;-;3;8;2.69112585628959
v29;v29_HRC4;2.035;2.75;HRC4;packetLoss;H.265;1000;0.03;-;-;2.74363376305654
v29;v29_HRC3;1.61;2.5;HRC3;packetLoss;H.264;2000;0.05;-;-;2.65964252070768
v29;v29_HRC2;1.5075;2375;HRC2;packetLoss;H.265;400;0.08;-;-;2.56079170701289
v30;v30_ANC2;4.184;2.4;ANC2;frameFreezing;-;-;-;0;0;NaN
v30;v30_ANC1;3.876666667;3.5;ANC1;packetLoss;-;-;-;-;-;NaN
v30;v30_HRC10;3.5075;2875;HRC10;frameFreezing;H.264;16000;-;1;2;NaN
v30;v30_HRC9;3.29;3.2;HRC9;frameFreezing;H.264;2000;-;2;4;NaN
v30;v30_HRC5;2.9025;3.5;HRC5;packetLoss;H.265;8000;0.01;-;-;NaN
v30;v30_HRC8;2.822;3.8;HRC8;frameFreezing;H.265;1000;-;2;4;NaN
v30;v30_HRC4;2.4325;2625;HRC4;packetLoss;H.265;1000;0.03;-;-;NaN
v30;v30_HRC7;2.345;3;HRC7;frameFreezing;H.264;800;-;3;7;NaN
v30;v30_HRC2;2.14;3;HRC2;packetLoss;H.265;400;0.08;-;-;NaN
v30;v30_HRC3;2.0775;3.5;HRC3;packetLoss;H.264;2000;0.05;-;-;NaN
v30;v30_HRC6;2.028333333;3.333333333;HRC6;frameFreezing;H.265;200;-;3;8;NaN
v30;v30_HRC1;1.848571429;2.285714286;HRC1;packetLoss;H.264;500;0.1;-;-;NaN
v31;v31_ANC2;4.570909091;3.636363636;ANC2;frameFreezing;-;-;-;0;0;2.99033852045151
v31;v31_ANC1;4.336666667;3.5;ANC1;packetLoss;-;-;-;-;-;4.1363979601839
v31;v31_HRC10;4.0125;4;HRC10;frameFreezing;H.264;16000;-;1;2;4.29861341238612
v31;v31_HRC5;3.724;3.2;HRC5;packetLoss;H.265;8000;0.01;-;-;2.94332406795646
v31;v31_HRC9;3.655;3.5;HRC9;frameFreezing;H.264;2000;-;2;4;2.92629644571282
v31;v31_HRC4;2.97;4;HRC4;packetLoss;H.265;1000;0.03;-;-;2.6527516220582
v31;v31_HRC8;2.635;3;HRC8;frameFreezing;H.265;1000;-;2;4;2.73548160984488
v31;v31_HRC3;2.466666667;4;HRC3;packetLoss;H.264;2000;0.05;-;-;2.57005258012548
v31;v31_HRC6;2.362857143;3.142857143;HRC6;frameFreezing;H.265;200;-;3;8;2.66182154257834
v31;v31_HRC7;2.198;2.6;HRC7;frameFreezing;H.264;800;-;3;7;2.59893937390294
v31;v31_HRC2;2.19;3.25;HRC2;packetLoss;H.265;400;0.08;-;-;2.57909884544051
v31;v31_HRC1;1.918571429;3.285714286;HRC1;packetLoss;H.264;500;0.1;-;-;2.56540019169859
v32;v32_ANC2;4.835;4;ANC2;frameFreezing;-;-;-;0;0;3.34691928318901
v32;v32_ANC1;3.958;3;ANC1;packetLoss;-;-;-;-;-;4.02267541721252
v32;v32_HRC5;3.816666667;3.5;HRC5;packetLoss;H.265;8000;0.01;-;-;3.37669527398829
v32;v32_HRC10;3.72;4;HRC10;frameFreezing;H.264;16000;-;1;2;4.09479749101422
v32;v32_HRC8;3.3475;3.25;HRC8;frameFreezing;H.265;1000;-;2;4;2.58559628600574
v32;v32_HRC4;2.99;3;HRC4;packetLoss;H.265;1000;0.03;-;-;2.833831890567
v32;v32_HRC9;2.606666667;3;HRC9;frameFreezing;H.264;2000;-;2;4;2.8148437331525
v32;v32_HRC7;2.456;3.1;HRC7;frameFreezing;H.264;800;-;3;7;2.56163512423887
v32;v32_HRC2;2.45;3;HRC2;packetLoss;H.265;400;0.08;-;-;2.5632280653004
v32;v32_HRC1;2.394;3;HRC1;packetLoss;H.264;500;0.1;-;-;2.55889481385653
v32;v32_HRC3;2.3475;3.25;HRC3;packetLoss;H.264;2000;0.05;-;-;2.53731460656392
v32;v32_HRC6;1.91;3.666666667;HRC6;frameFreezing;H.265;200;-;3;8;2.5317487510031
v33;v33_ANC1;4.398;3.6;ANC1;packetLoss;-;-;-;-;-;3.67430430731818
v33;v33_HRC10;4.045;2.7;HRC10;frameFreezing;H.264;16000;-;1;2;3.62290955164728
v33;v33_HRC8;3.06625;3125;HRC8;frameFreezing;H.265;1000;-;2;4;2.64751682940148
v33;v33_ANC2;3.001666667;3;ANC2;frameFreezing;-;-;-;0;0;2.89972587299963
v33;v33_HRC1;2.79;2.8;HRC1;packetLoss;H.264;500;0.1;-;-;2.53232266819242
v33;v33_HRC4;2.696666667;4.333333333;HRC4;packetLoss;H.265;1000;0.03;-;-;2.87216443722017
v33;v33_HRC5;2.4775;2.25;HRC5;packetLoss;H.265;8000;0.01;-;-;3.14644056405068
v33;v33_HRC7;2.4;2.8;HRC7;frameFreezing;H.264;800;-;3;7;2.56752663951364
v33;v33_HRC6;2.2725;3;HRC6;frameFreezing;H.265;200;-;3;8;2.63468327381718
v33;v33_HRC9;2.125;3;HRC9;frameFreezing;H.264;2000;-;2;4;3.05030257770594
v33;v33_HRC3;2.026;2.8;HRC3;packetLoss;H.264;2000;0.05;-;-;2.65333734422627
v33;v33_HRC2;1.66;3;HRC2;packetLoss;H.265;400;0.08;-;-;2.80986363943397
v34;v34_ANC2;4.745;5;ANC2;frameFreezing;-;-;-;0;0;NaN
v34;v34_ANC1;4.405;4.5;ANC1;packetLoss;-;-;-;-;-;NaN
v34;v34_HRC10;3.937777778;4.555555556;HRC10;frameFreezing;H.264;16000;-;1;2;NaN
v34;v34_HRC5;3.912857143;4.142857143;HRC5;packetLoss;H.265;8000;0.01;-;-;NaN
v34;v34_HRC9;3.876666667;4.333333333;HRC9;frameFreezing;H.264;2000;-;2;4;NaN
v34;v34_HRC8;3.336666667;4.5;HRC8;frameFreezing;H.265;1000;-;2;4;NaN
v34;v34_HRC4;3.142857143;3.857142857;HRC4;packetLoss;H.265;1000;0.03;-;-;NaN
v34;v34_HRC6;2.856666667;3.666666667;HRC6;frameFreezing;H.265;200;-;3;8;NaN
v34;v34_HRC2;2.36;3.285714286;HRC2;packetLoss;H.265;400;0.08;-;-;NaN
v34;v34_HRC3;2.095;3.5;HRC3;packetLoss;H.264;2000;0.05;-;-;NaN
v34;v34_HRC7;1.884;3.8;HRC7;frameFreezing;H.264;800;-;3;7;NaN
v34;v34_HRC1;1.6975;3625;HRC1;packetLoss;H.264;500;0.1;-;-;NaN
v35;v35_ANC1;4.715;3.5;ANC1;packetLoss;-;-;-;-;-;4.1276962132991
v35;v35_ANC2;4.621428571;3.714285714;ANC2;frameFreezing;-;-;-;0;0;3.1408399751551
v35;v35_HRC10;4.2575;3875;HRC10;frameFreezing;H.264;16000;-;1;2;4.37719421042872
v35;v35_HRC9;3.62;2.25;HRC9;frameFreezing;H.264;2000;-;2;4;3.05261898114805
v35;v35_HRC8;3.01;3;HRC8;frameFreezing;H.265;1000;-;2;4;2.88831288262292
v35;v35_HRC4;2.813333333;3.166666667;HRC4;packetLoss;H.265;1000;0.03;-;-;2.73018521585034
v35;v35_HRC5;2.7725;3.25;HRC5;packetLoss;H.265;8000;0.01;-;-;3.08468238241861
v35;v35_HRC3;2.634;3.4;HRC3;packetLoss;H.264;2000;0.05;-;-;2.61607829588711
v35;v35_HRC2;2.503333333;3.5;HRC2;packetLoss;H.265;400;0.08;-;-;2.6343019890886
v35;v35_HRC7;2.3075;3.25;HRC7;frameFreezing;H.264;800;-;3;7;2.59149745686211
v35;v35_HRC6;2.123333333;2.666666667;HRC6;frameFreezing;H.265;200;-;3;8;2.84864201664566
v35;v35_HRC1;2.01;2.8;HRC1;packetLoss;H.264;500;0.1;-;-;2.58396742220483
v36;v36_ANC2;4.388571429;3.428571429;ANC2;frameFreezing;-;-;-;0;0;3.50236231646049
v36;v36_ANC1;3.843333333;3.333333333;ANC1;packetLoss;-;-;-;-;-;3.69081727156737
v36;v36_HRC10;3.738;3;HRC10;frameFreezing;H.264;16000;-;1;2;3.75997741389292
v36;v36_HRC5;3.293333333;1.666666667;HRC5;packetLoss;H.265;8000;0.01;-;-;3.60469106131926
v36;v36_HRC9;3.2275;3;HRC9;frameFreezing;H.264;2000;-;2;4;2.6391907115187
v36;v36_HRC8;3.198;2.8;HRC8;frameFreezing;H.265;1000;-;2;4;2.60100816187436
v36;v36_HRC3;2.41375;2875;HRC3;packetLoss;H.264;2000;0.05;-;-;2.58783062157723
v36;v36_HRC2;2.35;2.666666667;HRC2;packetLoss;H.265;400;0.08;-;-;2.59246944919388
v36;v36_HRC6;2.34;1.666666667;HRC6;frameFreezing;H.265;200;-;3;8;2.59238610157015
v36;v36_HRC4;2.295;4;HRC4;packetLoss;H.265;1000;0.03;-;-;2.6430150831858
v36;v36_HRC7;2.25;2.857142857;HRC7;frameFreezing;H.264;800;-;3;7;2.60210829589962
v36;v36_HRC1;2.105;2125;HRC1;packetLoss;H.264;500;0.1;-;-;2.55848935604771
v37;v37_ANC2;4.145;3.5;ANC2;frameFreezing;-;-;-;0;0;3.4958552594897
v37;v37_HRC10;3.878;2.4;HRC10;frameFreezing;H.264;16000;-;1;2;3.5938194436632
v37;v37_HRC9;2.926;2;HRC9;frameFreezing;H.264;2000;-;2;4;2.7283301582442
v37;v37_HRC4;2.452;3.4;HRC4;packetLoss;H.265;1000;0.03;-;-;2.64595351548997
v37;v37_HRC6;1.315;2.5;HRC6;frameFreezing;H.265;200;-;3;8;2.53932788107652
v37;v37_ANC1;3.432857143;3.142857143;ANC1;packetLoss;-;-;-;-;-;3.53825576321262
v37;v37_HRC5;3.192222222;2.555555556;HRC5;packetLoss;H.265;8000;0.01;-;-;3.66165068629746
v37;v37_HRC8;2.76125;2.25;HRC8;frameFreezing;H.265;1000;-;2;4;2.61136584452701
v37;v37_HRC1;2.56;3;HRC1;packetLoss;H.264;500;0.1;-;-;2.55281991528328
v37;v37_HRC3;2;3;HRC3;packetLoss;H.264;2000;0.05;-;-;2.59932132017316
v37;v37_HRC7;1.973333333;2.666666667;HRC7;frameFreezing;H.264;800;-;3;7;2.60953403097452
v37;v37_HRC2;1.8075;2.25;HRC2;packetLoss;H.265;400;0.08;-;-;2.57438704473184
v38;v38_ANC1;4.008;3.4;ANC1;packetLoss;-;-;-;-;-;4.11234803697404
v38;v38_HRC9;2.584;3;HRC9;frameFreezing;H.264;2000;-;2;4;2.82273930708726
v38;v38_HRC7;2.082;3;HRC7;frameFreezing;H.264;800;-;3;7;2.61066586663505
v38;v38_ANC2;4.516666667;3.5;ANC2;frameFreezing;-;-;-;0;0;3.66335250581184
v38;v38_HRC10;3.93;5;HRC10;frameFreezing;H.264;16000;-;1;2;4.39805776014676
v38;v38_HRC8;3.67;4;HRC8;frameFreezing;H.265;1000;-;2;4;2.70068377851823
v38;v38_HRC5;3.628333333;3.833333333;HRC5;packetLoss;H.265;8000;0.01;-;-;3.79581537743639
v38;v38_HRC4;2.82;3.428571429;HRC4;packetLoss;H.265;1000;0.03;-;-;2.63139257080746
v38;v38_HRC3;2.447142857;3.428571429;HRC3;packetLoss;H.264;2000;0.05;-;-;2.58024222267779
v38;v38_HRC2;1.96125;3625;HRC2;packetLoss;H.265;400;0.08;-;-;2.56674171362305
v38;v38_HRC6;1.7525;3.5;HRC6;frameFreezing;H.265;200;-;3;8;2.58818745257717
v38;v38_HRC1;1.691666667;2.833333333;HRC1;packetLoss;H.264;500;0.1;-;-;2.5734702690465
v39;v39_HRC9;3.525;3.25;HRC9;frameFreezing;H.264;2000;-;2;4;3.0724132670528
v39;v39_HRC5;3.384;3.8;HRC5;packetLoss;H.265;8000;0.01;-;-;4.28605983570497
v39;v39_HRC1;2.348;3;HRC1;packetLoss;H.264;500;0.1;-;-;2.54763647744985
v39;v39_HRC6;1.495;2;HRC6;frameFreezing;H.265;200;-;3;8;2.53854294457826
v39;v39_ANC2;4.43;3.666666667;ANC2;frameFreezing;-;-;-;0;0;4.28679887589511
v39;v39_ANC1;4.203333333;3.5;ANC1;packetLoss;-;-;-;-;-;4.27965987590419
v39;v39_HRC10;4.043333333;3.333333333;HRC10;frameFreezing;H.264;16000;-;1;2;4.49368379986522
v39;v39_HRC4;3.11;2.5;HRC4;packetLoss;H.265;1000;0.03;-;-;2.82450321657793
v39;v39_HRC7;2.866666667;2.666666667;HRC7;frameFreezing;H.264;800;-;3;7;2.71238234679013
v39;v39_HRC3;2.49125;3125;HRC3;packetLoss;H.264;2000;0.05;-;-;2.54437291885196
v39;v39_HRC2;1.978333333;3.5;HRC2;packetLoss;H.265;400;0.08;-;-;2.54884385878584
v39;v39_HRC8;1.87;4.333333333;HRC8;frameFreezing;H.265;1000;-;2;4;2.68903166881507
v40;v40_HRC3;2.498;3.6;HRC3;packetLoss;H.264;2000;0.05;-;-;2.5686035214427
v40;v40_ANC2;4.69;3.6;ANC2;frameFreezing;-;-;-;0;0;3.83890687362459
v40;v40_ANC1;4.2475;3.75;ANC1;packetLoss;-;-;-;-;-;4.1386340607626
v40;v40_HRC10;4.07;3.571428571;HRC10;frameFreezing;H.264;16000;-;1;2;4.3488893318468
v40;v40_HRC5;3.421666667;4;HRC5;packetLoss;H.265;8000;0.01;-;-;3.85096564588311
v40;v40_HRC8;3.027272727;3.181818182;HRC8;frameFreezing;H.265;1000;-;2;4;2.606710832499
v40;v40_HRC9;2.74;3.333333333;HRC9;frameFreezing;H.264;2000;-;2;4;2.78032008434051
v40;v40_HRC4;2.67;3.75;HRC4;packetLoss;H.265;1000;0.03;-;-;2.75187301159739
v40;v40_HRC7;2.06;3;HRC7;frameFreezing;H.264;800;-;3;7;2.58169767392334
v40;v40_HRC1;1.72;3;HRC1;packetLoss;H.264;500;0.1;-;-;2.51675460955062
v40;v40_HRC2;1.59;4;HRC2;packetLoss;H.265;400;0.08;-;-;2.53999280058328
v40;v40_HRC6;1.169090909;2.090909091;HRC6;frameFreezing;H.265;200;-;3;8;2.59711909041866
v41;v41_ANC2;4.432;3.2;ANC2;frameFreezing;-;-;-;0;0;3.97279461548851
v41;v41_HRC8;3.635;2.75;HRC8;frameFreezing;H.265;1000;-;2;4;NaN
v41;v41_HRC4;2.805;4;HRC4;packetLoss;H.265;1000;0.03;-;-;NaN
v41;v41_HRC9;2.745;3.5;HRC9;frameFreezing;H.264;2000;-;2;4;2.96048646627736
v41;v41_HRC2;2.044;2.6;HRC2;packetLoss;H.265;400;0.08;-;-;2.5797986181788
v41;v41_ANC1;4.411428571;3.571428571;ANC1;packetLoss;-;-;-;-;-;NaN
v41;v41_HRC10;4.346666667;3.333333333;HRC10;frameFreezing;H.264;16000;-;1;2;4.27050383322078
v41;v41_HRC5;3.99;3.222222222;HRC5;packetLoss;H.265;8000;0.01;-;-;4.00174755655565
v41;v41_HRC3;2.941111111;3.444444444;HRC3;packetLoss;H.264;2000;0.05;-;-;2.60521984267863
v41;v41_HRC7;2.37;2.833333333;HRC7;frameFreezing;H.264;800;-;3;7;NaN
v41;v41_HRC6;1.953333333;3.333333333;HRC6;frameFreezing;H.265;200;-;3;8;NaN
v41;v41_HRC1;1.888333333;3.333333333;HRC1;packetLoss;H.264;500;0.1;-;-;2.39667010976005
v42;v42_HRC10;4.042;3.2;HRC10;frameFreezing;H.264;16000;-;1;2;3.99186572379855
v42;v42_HRC5;3.824;2.4;HRC5;packetLoss;H.265;8000;0.01;-;-;3.02977242902481
v42;v42_HRC4;2.368;1.8;HRC4;packetLoss;H.265;1000;0.03;-;-;2.7283690025405
v42;v42_HRC7;1.775;2.25;HRC7;frameFreezing;H.264;800;-;3;7;NaN
v42;v42_ANC2;4.853333333;3.333333333;ANC2;frameFreezing;-;-;-;0;0;3.017650473119
v42;v42_HRC9;3.09;2.5;HRC9;frameFreezing;H.264;2000;-;2;4;3.00891888635575
v42;v42_HRC8;3.003333333;2.777777778;HRC8;frameFreezing;H.265;1000;-;2;4;NaN
v42;v42_HRC3;2.733333333;3.5;HRC3;packetLoss;H.264;2000;0.05;-;-;2.5894301985821
v42;v42_HRC6;2.43;2.25;HRC6;frameFreezing;H.265;200;-;3;8;NaN
v42;v42_HRC1;1.741111111;2;HRC1;packetLoss;H.264;500;0.1;-;-;2.56699685808178
v42;v42_HRC2;1.735714286;2.285714286;HRC2;packetLoss;H.265;400;0.08;-;-;2.66256284821485
v42;v42_ANC1;0;0;ANC1;packetLoss;-;-;-;-;-;3.66987939603589
v43;v43_HRC10;4.166;3.4;HRC10;frameFreezing;H.264;16000;-;1;2;4.57368862097639
v43;v43_HRC1;2.196;2.8;HRC1;packetLoss;H.264;500;0.1;-;-;2.57261708955858
v43;v43_HRC6;2.115;2.833333333;HRC6;frameFreezing;H.265;200;-;3;8;2.59067707261214
v43;v43_ANC1;4.688333333;3.666666667;ANC1;packetLoss;-;-;-;-;-;4.54104455499377
v43;v43_ANC2;4.3;3;ANC2;frameFreezing;-;-;-;0;0;4.51722310872248
v43;v43_HRC9;3.94;2.666666667;HRC9;frameFreezing;H.264;2000;-;2;4;3.41991052992999
v43;v43_HRC8;3.45;2.5;HRC8;frameFreezing;H.265;1000;-;2;4;2.59470784988667
v43;v43_HRC5;3.246666667;3.5;HRC5;packetLoss;H.265;8000;0.01;-;-;4.52284284234425
v43;v43_HRC3;2.651666667;3.333333333;HRC3;packetLoss;H.264;2000;0.05;-;-;2.58026135091057
v43;v43_HRC7;2.64875;2125;HRC7;frameFreezing;H.264;800;-;3;7;2.57811806108359
v43;v43_HRC2;2.17;2.25;HRC2;packetLoss;H.265;400;0.08;-;-;2.59489318725024
v43;v43_HRC4;1.55;4;HRC4;packetLoss;H.265;1000;0.03;-;-;3.16901393187897
v44;v44_ANC2;4.626;3.8;ANC2;frameFreezing;-;-;-;0;0;4.32000122074476
v44;v44_ANC1;4.292;3.6;ANC1;packetLoss;-;-;-;-;-;4.54897549099073
v44;v44_HRC10;4.255;4;HRC10;frameFreezing;H.264;16000;-;1;2;4.61547961435897
v44;v44_HRC4;2.736;3.6;HRC4;packetLoss;H.265;1000;0.03;-;-;3.40478052308943
v44;v44_HRC3;3.8475;3.5;HRC3;packetLoss;H.264;2000;0.05;-;-;2.88887301267272
v44;v44_HRC5;3.8075;4;HRC5;packetLoss;H.265;8000;0.01;-;-;4.33247067970381
v44;v44_HRC8;3.646666667;4;HRC8;frameFreezing;H.265;1000;-;2;4;3.178955776662
v44;v44_HRC9;3.4775;3.5;HRC9;frameFreezing;H.264;2000;-;2;4;3.52190396902432
v44;v44_HRC1;3.24;3.8;HRC1;packetLoss;H.264;500;0.1;-;-;2.58364069523296
v44;v44_HRC7;3.0875;3125;HRC7;frameFreezing;H.264;800;-;3;7;2.58652649627045
v44;v44_HRC2;2.471666667;3.166666667;HRC2;packetLoss;H.265;400;0.08;-;-;2.89844097904205
v44;v44_HRC6;1.66125;3;HRC6;frameFreezing;H.265;200;-;3;8;2.75689452908982
v45;v45_ANC1;4.674;2.4;ANC1;packetLoss;-;-;-;-;-;4.62380338112447
v45;v45_ANC2;4.406;3.4;ANC2;frameFreezing;-;-;-;0;0;3.63926652789419
v45;v45_HRC2;2.075;2;HRC2;packetLoss;H.265;400;0.08;-;-;2.85238550102549
v45;v45_HRC9;4.04;2.75;HRC9;frameFreezing;H.264;2000;-;2;4;3.21399389806935
v45;v45_HRC8;3.98;3.571428571;HRC8;frameFreezing;H.265;1000;-;2;4;3.16009049210378
v45;v45_HRC4;3.576666667;3;HRC4;packetLoss;H.265;1000;0.03;-;-;2.95302003825118
v45;v45_HRC10;3.536666667;3.666666667;HRC10;frameFreezing;H.264;16000;-;1;2;4.64168035062985
v45;v45_HRC3;3.2325;2.25;HRC3;packetLoss;H.264;2000;0.05;-;-;2.78824901551778
v45;v45_HRC6;3.22;3;HRC6;frameFreezing;H.265;200;-;3;8;2.96849858247921
v45;v45_HRC5;2.18;2;HRC5;packetLoss;H.265;8000;0.01;-;-;3.61254496051606
v45;v45_HRC1;1.88625;3125;HRC1;packetLoss;H.264;500;0.1;-;-;2.57614717021641
v45;v45_HRC7;1.81;3;HRC7;frameFreezing;H.264;800;-;3;7;2.76882736302312
v46;v46_HRC1;2.545;3.25;HRC1;packetLoss;H.264;500;0.1;-;-;2.57489101616814
v46;v46_ANC2;4.89;3.2;ANC2;frameFreezing;-;-;-;0;0;4.23812617173874
v46;v46_ANC1;4.48;3.714285714;ANC1;packetLoss;-;-;-;-;-;4.24484016734598
v46;v46_HRC10;4.008333333;3.5;HRC10;frameFreezing;H.264;16000;-;1;2;4.30493553560497
v46;v46_HRC8;3.24;3.333333333;HRC8;frameFreezing;H.265;1000;-;2;4;2.65902335406026
v46;v46_HRC9;2.767142857;2.857142857;HRC9;frameFreezing;H.264;2000;-;2;4;2.9768813723204
v46;v46_HRC3;2.7275;2.5;HRC3;packetLoss;H.264;2000;0.05;-;-;2.60519738947709
v46;v46_HRC5;2.48;3.142857143;HRC5;packetLoss;H.265;8000;0.01;-;-;4.26821361104187
v46;v46_HRC4;2.22;2;HRC4;packetLoss;H.265;1000;0.03;-;-;2.9235122523238
v46;v46_HRC7;1.966666667;2.333333333;HRC7;frameFreezing;H.264;800;-;3;7;2.59095594655842
v46;v46_HRC6;1.6925;2625;HRC6;frameFreezing;H.265;200;-;3;8;2.57095684089377
v46;v46_HRC2;1.656666667;3;HRC2;packetLoss;H.265;400;0.08;-;-;2.54943481335303
v47;v47_ANC1;4.715;4;ANC1;packetLoss;-;-;-;-;-;NaN
v47;v47_HRC8;2.798;3.8;HRC8;frameFreezing;H.265;1000;-;2;4;NaN
v47;v47_HRC4;2.725;3.5;HRC4;packetLoss;H.265;1000;0.03;-;-;NaN
v47;v47_HRC7;2.298;3.3;HRC7;frameFreezing;H.264;800;-;3;7;NaN
v47;v47_HRC1;2.215;3.5;HRC1;packetLoss;H.264;500;0.1;-;-;NaN
v47;v47_HRC6;1.802;3.2;HRC6;frameFreezing;H.265;200;-;3;8;NaN
v47;v47_ANC2;4.9725;3.5;ANC2;frameFreezing;-;-;-;0;0;NaN
v47;v47_HRC10;3.703333333;3.666666667;HRC10;frameFreezing;H.264;16000;-;1;2;NaN
v47;v47_HRC5;3.5075;3.5;HRC5;packetLoss;H.265;8000;0.01;-;-;NaN
v47;v47_HRC3;2.721818182;3.545454545;HRC3;packetLoss;H.264;2000;0.05;-;-;NaN
v47;v47_HRC9;2.586666667;3;HRC9;frameFreezing;H.264;2000;-;2;4;NaN
v47;v47_HRC2;2.49;3.833333333;HRC2;packetLoss;H.265;400;0.08;-;-;NaN
v48;v48_HRC9;3.416;2.8;HRC9;frameFreezing;H.264;2000;-;2;4;2.72676999960279
v48;v48_HRC1;1.918;2.8;HRC1;packetLoss;H.264;500;0.1;-;-;2.56961900167807
v48;v48_ANC1;4.426666667;3.666666667;ANC1;packetLoss;-;-;-;-;-;3.94380122880705
v48;v48_ANC2;4.188333333;3.833333333;ANC2;frameFreezing;-;-;-;0;0;2.71666562797614
v48;v48_HRC5;3.898571429;3.571428571;HRC5;packetLoss;H.265;8000;0.01;-;-;2.69960923103215
v48;v48_HRC10;3.835714286;4;HRC10;frameFreezing;H.264;16000;-;1;2;4.20986523167848
v48;v48_HRC4;2.64375;3.5;HRC4;packetLoss;H.265;1000;0.03;-;-;2.58062334189687
v48;v48_HRC3;2.596666667;3.5;HRC3;packetLoss;H.264;2000;0.05;-;-;2.5775330818607
v48;v48_HRC8;2.49;4;HRC8;frameFreezing;H.265;1000;-;2;4;2.66730995147424
v48;v48_HRC7;2.05;5;HRC7;frameFreezing;H.264;800;-;3;7;2.60262443110659
v48;v48_HRC6;1.915714286;3.428571429;HRC6;frameFreezing;H.265;200;-;3;8;2.63636949834494
v48;v48_HRC2;1.76;3.5;HRC2;packetLoss;H.265;400;0.08;-;-;2.55836573828126
v49;v49_HRC1;2.425;3.75;HRC1;packetLoss;H.264;500;0.1;-;-;2.58159683120095
v49;v49_HRC2;1.636;3;HRC2;packetLoss;H.265;400;0.08;-;-;2.61072433512371
v49;v49_ANC1;4.683333333;3.333333333;ANC1;packetLoss;-;-;-;-;-;4.42833151668173
v49;v49_ANC2;4.5275;3.5;ANC2;frameFreezing;-;-;-;0;0;3.57633516578762
v49;v49_HRC8;3.75;2.75;HRC8;frameFreezing;H.265;1000;-;2;4;NaN
v49;v49_HRC10;3.397142857;3.142857143;HRC10;frameFreezing;H.264;16000;-;1;2;4.50506692231512
v49;v49_HRC3;3.068888889;2.888888889;HRC3;packetLoss;H.264;2000;0.05;-;-;2.60627121595295
v49;v49_HRC7;2.5325;3.25;HRC7;frameFreezing;H.264;800;-;3;7;NaN
v49;v49_HRC4;2.506666667;3.333333333;HRC4;packetLoss;H.265;1000;0.03;-;-;2.93610163595331
v49;v49_HRC5;2.456666667;3;HRC5;packetLoss;H.265;8000;0.01;-;-;3.56564969289568
v49;v49_HRC6;2.25;3;HRC6;frameFreezing;H.265;200;-;3;8;2.58421179189046
v49;v49_HRC9;0;0;HRC9;frameFreezing;H.264;2000;-;2;4;3.20234138065721
v50;v50_HRC9;2.745;3.5;HRC9;frameFreezing;H.264;2000;-;2;4;2.59509451121991
v50;v50_HRC4;2.468;3.8;HRC4;packetLoss;H.265;1000;0.03;-;-;2.48421080749478
v50;v50_HRC2;1.415;2.5;HRC2;packetLoss;H.265;400;0.08;-;-;2.35982844221814
v50;v50_ANC1;4.84;3;ANC1;packetLoss;-;-;-;-;-;3.57609583826417
v50;v50_ANC2;4.7375;4.25;ANC2;frameFreezing;-;-;-;0;0;3.55773883081872
v50;v50_HRC10;4.52;3;HRC10;frameFreezing;H.264;16000;-;1;2;3.76807773588189
v50;v50_HRC5;3.9575;4.25;HRC5;packetLoss;H.265;8000;0.01;-;-;3.58406303066849
v50;v50_HRC8;2.798333333;2.833333333;HRC8;frameFreezing;H.265;1000;-;2;4;NaN
v50;v50_HRC7;2.71;3;HRC7;frameFreezing;H.264;800;-;3;7;NaN
v50;v50_HRC3;2.158571429;3.142857143;HRC3;packetLoss;H.264;2000;0.05;-;-;2.51528041780985
v50;v50_HRC1;1.601111111;3;HRC1;packetLoss;H.264;500;0.1;-;-;2.48184953922902
v50;v50_HRC6;1.158888889;1.888888889;HRC6;frameFreezing;H.265;200;-;3;8;NaN
v51;v51_ANC2;4.934;3.6;ANC2;frameFreezing;-;-;-;0;0;4.22909966137168
v51;v51_HRC9;3.186;3.2;HRC9;frameFreezing;H.264;2000;-;2;4;2.97762126176927
v51;v51_HRC10;3.135;3.5;HRC10;frameFreezing;H.264;16000;-;1;2;4.34682415299128
v51;v51_HRC7;2.624;3.4;HRC7;frameFreezing;H.264;800;-;3;7;2.63726115027375
v51;v51_HRC2;2.005;3.25;HRC2;packetLoss;H.265;400;0.08;-;-;2.61452575189813
v51;v51_ANC1;4.6425;3.25;ANC1;packetLoss;-;-;-;-;-;4.28531089135198
v51;v51_HRC5;3.01;3.75;HRC5;packetLoss;H.265;8000;0.01;-;-;4.20643208692208
v51;v51_HRC8;2.968333333;3.333333333;HRC8;frameFreezing;H.265;1000;-;2;4;2.63800473025065
v51;v51_HRC3;2.935714286;3.428571429;HRC3;packetLoss;H.264;2000;0.05;-;-;2.6138154040094
v51;v51_HRC4;2.5;3;HRC4;packetLoss;H.265;1000;0.03;-;-;2.82309828728777
v51;v51_HRC6;2.01;3.5;HRC6;frameFreezing;H.265;200;-;3;8;2.5934758594449
v51;v51_HRC1;1.63;3;HRC1;packetLoss;H.264;500;0.1;-;-;2.61833087154153
v52;v52_HRC10;4.472;4.2;HRC10;frameFreezing;H.264;16000;-;1;2;4.52831473076015
v52;v52_HRC9;3.555;3.25;HRC9;frameFreezing;H.264;2000;-;2;4;NaN
v52;v52_HRC4;3.154;3.6;HRC4;packetLoss;H.265;1000;0.03;-;-;NaN
v52;v52_HRC3;3.062;3.6;HRC3;packetLoss;H.264;2000;0.05;-;-;2.81398508015649
v52;v52_ANC1;4.966666667;4;ANC1;packetLoss;-;-;-;-;-;4.49002848735487
v52;v52_ANC2;4.5;3;ANC2;frameFreezing;-;-;-;0;0;NaN
v52;v52_HRC5;3.82;3.285714286;HRC5;packetLoss;H.265;8000;0.01;-;-;NaN
v52;v52_HRC8;3.633333333;3.166666667;HRC8;frameFreezing;H.265;1000;-;2;4;3.16254680625889
v52;v52_HRC1;2.7325;3.75;HRC1;packetLoss;H.264;500;0.1;-;-;2.61296706601483
v52;v52_HRC7;2.453333333;3.333333333;HRC7;frameFreezing;H.264;800;-;3;7;2.73223984092991
v52;v52_HRC6;1.7425;3.5;HRC6;frameFreezing;H.265;200;-;3;8;NaN
v52;v52_HRC2;1.71;3.571428571;HRC2;packetLoss;H.265;400;0.08;-;-;2.84627785800149
v53;v53_HRC5;3.295;3;HRC5;packetLoss;H.265;8000;0.01;-;-;4.22139225164538
v53;v53_HRC2;1.745;3;HRC2;packetLoss;H.265;400;0.08;-;-;2.59084594594979
v53;v53_ANC2;4.8125;3.5;ANC2;frameFreezing;-;-;-;0;0;4.24151809846111
v53;v53_ANC1;4.423333333;3.166666667;ANC1;packetLoss;-;-;-;-;-;4.38990433014714
v53;v53_HRC10;3.95;2625;HRC10;frameFreezing;H.264;16000;-;1;2;4.54015239225324
v53;v53_HRC3;2.993333333;3.333333333;HRC3;packetLoss;H.264;2000;0.05;-;-;2.60353851999022
v53;v53_HRC8;2.936666667;2;HRC8;frameFreezing;H.265;1000;-;2;4;2.81136105306597
v53;v53_HRC9;2.9225;2.5;HRC9;frameFreezing;H.264;2000;-;2;4;3.16458032490963
v53;v53_HRC7;2.638333333;2.833333333;HRC7;frameFreezing;H.264;800;-;3;7;2.55335322148043
v53;v53_HRC4;2.487142857;2.142857143;HRC4;packetLoss;H.265;1000;0.03;-;-;2.87564822531188
v53;v53_HRC6;2.0625;1625;HRC6;frameFreezing;H.265;200;-;3;8;2.62579564739291
v53;v53_HRC1;1.836666667;2.5;HRC1;packetLoss;H.264;500;0.1;-;-;2.55382038797511
v54;v54_ANC2;4.576;3.2;ANC2;frameFreezing;-;-;-;0;0;4.0900214140577
v54;v54_HRC1;3.055;3.5;HRC1;packetLoss;H.264;500;0.1;-;-;2.59256171139765
v54;v54_HRC4;2.688;3.4;HRC4;packetLoss;H.265;1000;0.03;-;-;NaN
v54;v54_HRC3;2.614;3.4;HRC3;packetLoss;H.264;2000;0.05;-;-;2.86991579437668
v54;v54_HRC6;1.965;3.5;HRC6;frameFreezing;H.265;200;-;3;8;2.99331505924135
v54;v54_ANC1;4.19;3.714285714;ANC1;packetLoss;-;-;-;-;-;4.56560609587897
v54;v54_HRC10;3.8475;4;HRC10;frameFreezing;H.264;16000;-;1;2;4.5632912943039
v54;v54_HRC8;3.3925;3.5;HRC8;frameFreezing;H.265;1000;-;2;4;3.01926421375958
v54;v54_HRC9;3.125714286;3;HRC9;frameFreezing;H.264;2000;-;2;4;NaN
v54;v54_HRC5;2.596666667;3.5;HRC5;packetLoss;H.265;8000;0.01;-;-;4.04630523917032
v54;v54_HRC7;2.1425;2.75;HRC7;frameFreezing;H.264;800;-;3;7;2.75930053577889
v54;v54_HRC2;1.866666667;2.166666667;HRC2;packetLoss;H.265;400;0.08;-;-;2.96608444380924
v55;v55_HRC10;3.768;3.2;HRC10;frameFreezing;H.264;16000;-;1;2;4.34069587072108
v55;v55_HRC7;2.176;2.8;HRC7;frameFreezing;H.264;800;-;3;7;2.58533044306108
v55;v55_HRC3;2.075;3.5;HRC3;packetLoss;H.264;2000;0.05;-;-;2.54087740438256
v55;v55_HRC6;1.872;3.4;HRC6;frameFreezing;H.265;200;-;3;8;2.54946285602264
v55;v55_HRC1;1.658;3.2;HRC1;packetLoss;H.264;500;0.1;-;-;2.50607466564668
v55;v55_ANC2;4.95;4.2;ANC2;frameFreezing;-;-;-;0;0;3.19594169216542
v55;v55_ANC1;4.29;3.75;ANC1;packetLoss;-;-;-;-;-;4.09730680800617
v55;v55_HRC9;3.6325;3.25;HRC9;frameFreezing;H.264;2000;-;2;4;2.72537690536056
v55;v55_HRC5;3.61875;3.5;HRC5;packetLoss;H.265;8000;0.01;-;-;3.19882276985755
v55;v55_HRC4;2.873333333;2.666666667;HRC4;packetLoss;H.265;1000;0.03;-;-;2.59238057995189
v55;v55_HRC8;2.58;3.166666667;HRC8;frameFreezing;H.265;1000;-;2;4;2.58171962908335
v55;v55_HRC2;2.24;3;HRC2;packetLoss;H.265;400;0.08;-;-;2.55500811975141
v56;v56_ANC1;4.226;3;ANC1;packetLoss;-;-;-;-;-;3.91727258532425
v56;v56_HRC7;2.226;2.8;HRC7;frameFreezing;H.264;800;-;3;7;2.61065868739697
v56;v56_ANC2;4.75;3.6;ANC2;frameFreezing;-;-;-;0;0;2.77132235976135
v56;v56_HRC10;3.646666667;2;HRC10;frameFreezing;H.264;16000;-;1;2;3.95057266860516
v56;v56_HRC9;3.541666667;3.166666667;HRC9;frameFreezing;H.264;2000;-;2;4;2.60063987307072
v56;v56_HRC8;2.994285714;2.857142857;HRC8;frameFreezing;H.265;1000;-;2;4;2.57868902952635
v56;v56_HRC3;2.704285714;1.857142857;HRC3;packetLoss;H.264;2000;0.05;-;-;2.57924788822276
v56;v56_HRC4;2.6475;3.25;HRC4;packetLoss;H.265;1000;0.03;-;-;2.56042310399213
v56;v56_HRC5;2.61;2;HRC5;packetLoss;H.265;8000;0.01;-;-;2.78407224352946
v56;v56_HRC6;2.536666667;3.333333333;HRC6;frameFreezing;H.265;200;-;3;8;2.56434667338161
v56;v56_HRC1;1.9;2;HRC1;packetLoss;H.264;500;0.1;-;-;2.56826004102457
v56;v56_HRC2;1.864444444;2.222222222;HRC2;packetLoss;H.265;400;0.08;-;-;2.57023234215366
v57;v57_HRC8;3.582;4.2;HRC8;frameFreezing;H.265;1000;-;2;4;2.82261428924558
v57;v57_HRC4;3.005;3;HRC4;packetLoss;H.265;1000;0.03;-;-;2.739125459991
v57;v57_HRC1;2.762;3.4;HRC1;packetLoss;H.264;500;0.1;-;-;2.61354115622987
v57;v57_HRC7;2.242;4;HRC7;frameFreezing;H.264;800;-;3;7;2.58227396779199
v57;v57_HRC6;1.794;3.6;HRC6;frameFreezing;H.265;200;-;3;8;2.57795109116604
v57;v57_ANC1;4.776666667;4.333333333;ANC1;packetLoss;-;-;-;-;-;4.37163964341653
v57;v57_ANC2;4.5;4;ANC2;frameFreezing;-;-;-;0;0;4.29771066379224
v57;v57_HRC10;4.1175;3.75;HRC10;frameFreezing;H.264;16000;-;1;2;4.45019256594069
v57;v57_HRC5;3.867142857;4.428571429;HRC5;packetLoss;H.265;8000;0.01;-;-;4.29007299809289
v57;v57_HRC9;3.273333333;3.5;HRC9;frameFreezing;H.264;2000;-;2;4;2.87664945675098
v57;v57_HRC3;2.616666667;3.333333333;HRC3;packetLoss;H.264;2000;0.05;-;-;2.64800370064025
v57;v57_HRC2;1.64;3.5;HRC2;packetLoss;H.265;400;0.08;-;-;2.63538961085322
v58;v58_HRC6;2.235;3;HRC6;frameFreezing;H.265;200;-;3;8;2.54711381600959
v58;v58_ANC2;4.717142857;4;ANC2;frameFreezing;-;-;-;0;0;3.52017959598515
v58;v58_ANC1;4.43;3;ANC1;packetLoss;-;-;-;-;-;4.33438400358495
v58;v58_HRC9;3.507142857;3.428571429;HRC9;frameFreezing;H.264;2000;-;2;4;2.90293385941703
v58;v58_HRC5;3.326666667;3.333333333;HRC5;packetLoss;H.265;8000;0.01;-;-;3.50303716862325
v58;v58_HRC10;3.276666667;2.333333333;HRC10;frameFreezing;H.264;16000;-;1;2;4.43702325208119
v58;v58_HRC8;3.133333333;3;HRC8;frameFreezing;H.265;1000;-;2;4;2.58440960111262
v58;v58_HRC7;2.986666667;3;HRC7;frameFreezing;H.264;800;-;3;7;2.58399323382007
v58;v58_HRC3;2.7825;2.75;HRC3;packetLoss;H.264;2000;0.05;-;-;2.55048760861412
v58;v58_HRC1;2.148333333;3;HRC1;packetLoss;H.264;500;0.1;-;-;2.47564626760903
v58;v58_HRC4;2.1175;3.5;HRC4;packetLoss;H.265;1000;0.03;-;-;2.81619584823919
v58;v58_HRC2;2.036666667;2.666666667;HRC2;packetLoss;H.265;400;0.08;-;-;2.59921438284217
v59;v59_ANC1;4.035;3.25;ANC1;packetLoss;-;-;-;-;-;3.02606197227992
v59;v59_HRC5;3.885;3.75;HRC5;packetLoss;H.265;8000;0.01;-;-;2.86553274811955
v59;v59_HRC9;3.226;3.8;HRC9;frameFreezing;H.264;2000;-;2;4;2.9619095431842
v59;v59_HRC3;2.846;4;HRC3;packetLoss;H.264;2000;0.05;-;-;2.60696903346717
v59;v59_HRC8;2.844;2.6;HRC8;frameFreezing;H.265;1000;-;2;4;2.68710620597043
v59;v59_HRC6;2.705;4.5;HRC6;frameFreezing;H.265;200;-;3;8;2.87161940936792
v59;v59_HRC7;2.636;3;HRC7;frameFreezing;H.264;800;-;3;7;2.54694672600152
v59;v59_ANC2;4.72;4.2;ANC2;frameFreezing;-;-;-;0;0;2.87157339376507
v59;v59_HRC10;3.9825;4.25;HRC10;frameFreezing;H.264;16000;-;1;2;3.0437078155225
v59;v59_HRC1;2.75;5;HRC1;packetLoss;H.264;500;0.1;-;-;2.54483334382539
v59;v59_HRC4;2.372857143;4.571428571;HRC4;packetLoss;H.265;1000;0.03;-;-;2.75081197341703
v59;v59_HRC2;1.5625;2625;HRC2;packetLoss;H.265;400;0.08;-;-;2.70072175083655
v60;v60_ANC2;4.516;2.8;ANC2;frameFreezing;-;-;-;0;0;3.410014400189
v60;v60_HRC10;4.025;3;HRC10;frameFreezing;H.264;16000;-;1;2;4.59207342503963
v60;v60_HRC8;2.955;3.75;HRC8;frameFreezing;H.265;1000;-;2;4;2.67967272396403
v60;v60_HRC3;2.646;3.8;HRC3;packetLoss;H.264;2000;0.05;-;-;2.56633428060661
v60;v60_HRC2;1.956;2.4;HRC2;packetLoss;H.265;400;0.08;-;-;2.68104283218772
v60;v60_ANC1;4.2025;3.5;ANC1;packetLoss;-;-;-;-;-;4.55376184391097
v60;v60_HRC5;3.376666667;3.166666667;HRC5;packetLoss;H.265;8000;0.01;-;-;3.4211473767639
v60;v60_HRC9;3.04625;3125;HRC9;frameFreezing;H.264;2000;-;2;4;2.92731744993411
v60;v60_HRC4;2.966666667;3.166666667;HRC4;packetLoss;H.265;1000;0.03;-;-;2.76533901639024
v60;v60_HRC6;1.96;2.4;HRC6;frameFreezing;H.265;200;-;3;8;2.65258299619585
v60;v60_HRC7;1.788333333;2.833333333;HRC7;frameFreezing;H.264;800;-;3;7;2.56006232393868
v60;v60_HRC1;1.68;2.666666667;HRC1;packetLoss;H.264;500;0.1;-;-;2.5659983241003
